PRODUCT_ID,PRODUCT_NAME,SUMMARY,PRICE,CATEGORY_IDS,IMAGE_URL,BRAND
TW001,Twinings Superblends Sleep,Calming blend with spiced apple vanilla chamomile and passionflower to support restful sleep. Best Seller. 20 envelopes.,3.79,Tea|Superblends|Sleep,/static/twinings_images/TW001.jpeg,Twinings
TW002,Twinings Superblends Immune Support,Blackcurrant raspberry and elderberry blend with Vitamin D to support your immune system. 20 envelopes.,3.79,Tea|Superblends|ImmuneSupport,/static/twinings_images/TW002.jpeg,Twinings
TW003,Twinings Superblends Defence,Smart and tangy citrus blend with Vitamin C to support your natural defences. 20 envelopes.,3.79,Tea|Superblends|Defence,/static/twinings_images/TW003.jpeg,Twinings
TW004,Twinings Superblends Glow,Strawberry and cucumber blend with green tea and biotin to help your skin glow from within. 20 envelopes.,3.79,Tea|Superblends|Glow,/static/twinings_images/TW004.jpeg,Twinings
TW005,Twinings Feel Good Collection,Multi-blend variety pack with 4x Metabolism 4x Glow 4x Cleanse 4x Balance and 4x Immune Support. 20 envelopes.,3.79,Tea|Superblends|Collections,/static/twinings_images/TW005.jpeg,Twinings
TW006,Twinings Superblends Wellbeing Collection,Wellness variety pack with 4x Sleep 4x Glow 4x Digest 4x Detox and 4x Defence blends. 20 envelopes.,3.79,Tea|Superblends|Collections,/static/twinings_images/TW006.jpeg,Twinings
TW007,Twinings Superblends Wind Down Collection,Relaxation variety pack with 4x Sleep 4x Sweet Dreams 4x Unwind and 4x Calm blends. 20 envelopes.,3.79,Tea|Superblends|Collections|Sleep,/static/twinings_images/TW007.jpeg,Twinings
TW008,Twinings Superblends Focus,Mango and pineapple blend with ginseng and Vitamin B12 to support concentration and mental focus. 20 envelopes.,3.79,Tea|Superblends|Focus,/static/twinings_images/TW008.jpeg,Twinings
TW009,Twinings Superblends Heart Warming,Blackcurrant coconut honey and liquorice warming blend for a comforting uplift. 20 envelopes.,3.79,Tea|Superblends|HeartWarming,/static/twinings_images/TW009.jpeg,Twinings
TW010,Twinings Superblends Metabolism,Peppermint and moringa blend with zinc to support normal energy-yielding metabolism. 20 envelopes.,3.79,Tea|Superblends|Metabolism,/static/twinings_images/TW010.jpeg,Twinings
TW011,Twinings Superblends Balance,Rose and berry infusion with Vitamin B6 to support hormonal activity and normal mental performance. 20 envelopes.,3.79,Tea|Superblends|Balance,/static/twinings_images/TW011.jpeg,Twinings
TW012,Twinings Superblends Sleep Valerian & Orange Blossom,Passionflower and valerian blend with soothing orange blossom for a peaceful nights sleep. 20 envelopes.,3.79,Tea|Superblends|Sleep,/static/twinings_images/TW012.jpeg,Twinings
TW013,Twinings Superblends Digest,Fennel apple and cardamom blend with fennel to support healthy digestion. 20 envelopes.,3.79,Tea|Superblends|Digest,/static/twinings_images/TW013.jpeg,Twinings
TW014,Twinings Superblends Moment of Calm,Spiced camomile and vanilla blend with chamomile and cinnamon to soothe every day. 20 envelopes.,3.79,Tea|Superblends|Calm,/static/twinings_images/TW014.jpeg,Twinings
TW015,Twinings Superblends Unwind,Strawberry and camomile blend with Vitamin B12 to help unwind and relax naturally. 20 envelopes.,3.79,Tea|Superblends|Unwind,/static/twinings_images/TW015.jpeg,Twinings
TW016,Twinings Superblends Digest Ginger & Turmeric,Ginger lemon and turmeric blend with fenugreek to support gut health and healthy digestion. 20 envelopes.,3.79,Tea|Superblends|Digest,/static/twinings_images/TW016.jpeg,Twinings
TW017,Twinings Superblends Detox,Lemon and ginger blend with dandelion mint and selenium to help cleanse and refresh. 20 envelopes.,3.79,Tea|Superblends|Detox,/static/twinings_images/TW017.jpeg,Twinings
TW018,Twinings Superblends Sweet Dreams,Raspberry valerian and passionflower blend with magnesium and cherry for a blissful nights rest. 20 envelopes.,3.79,Tea|Superblends|Sleep,/static/twinings_images/TW018.jpeg,Twinings
TW019,Twinings Superblends Menopause Cool Moments,Peach fennel and sage blend with biotin and isoflavones to support women through the menopause. 20 envelopes.,3.79,Tea|Superblends|Menopause,/static/twinings_images/TW019.jpeg,Twinings
TW020,Twinings Superblends Super Green Matcha,Premium matcha green tea blend with green tea to support energy and focus. 20 envelopes.,3.79,Tea|Superblends|Matcha,/static/twinings_images/TW020.jpeg,Twinings
TW021,Twinings Superblends Turmeric,Pink turmeric orange and star anise blend with turmeric and Vitamin C for immune support. 20 envelopes.,3.79,Tea|Superblends|Turmeric,/static/twinings_images/TW021.jpeg,Twinings
TW022,Twinings Superblends Cleanse Matcha,Lemon and fennel blend with green tea matcha and nettle to cleanse and refresh. 20 envelopes.,3.79,Tea|Superblends|Cleanse|Matcha,/static/twinings_images/TW022.jpeg,Twinings
TW023,Twinings Superblends Sleep Bigger Pack,Spiced apple vanilla camomile and passionflower blend for restful sleep. Bigger pack with 40 tea bags.,5.79,Tea|Superblends|Sleep,/static/twinings_images/TW023.jpeg,Twinings
TW024,Twinings Superblends 4 Box Selection Pack,Discover four favourite Superblends in one pack featuring Balance Unwind Digest and Metabolism. 4 box selection.,15.16,Tea|Superblends|Collections,/static/twinings_images/TW024.jpeg,Twinings
TW025,Twinings Spicy Chai,Bold and warming spicy chai blend with cardamom and cinnamon. Limited Stock. 40 tea bags.,2.54,Tea|BlackTea|Chai,/static/twinings_images/TW025.jpeg,Twinings
TW026,Twinings English Breakfast 120 Tea Bags,Classic golden and well-rounded English Breakfast tea. Full-bodied and lively. 120 tea bags.,4.92,Tea|BlackTea|EnglishBreakfast,/static/twinings_images/TW026.jpeg,Twinings
TW027,Twinings Assam Loose Tea,Strong and malty Assam loose leaf tea with a rich full-bodied flavour. 125g loose tea.,2.51,Tea|BlackTea|Assam,/static/twinings_images/TW027.jpeg,Twinings
TW028,Twinings English Breakfast Loose Tea,Classic lively and well-rounded English Breakfast loose leaf tea. 125g loose tea.,2.51,Tea|BlackTea|EnglishBreakfast,/static/twinings_images/TW028.jpeg,Twinings
TW029,Twinings Earl Grey Loose Tea,Iconic bergamot-infused Earl Grey loose leaf tea with a smooth and fragrant flavour. 125g loose tea.,2.51,Tea|BlackTea|EarlGrey,/static/twinings_images/TW029.jpeg,Twinings
TW030,Twinings Lady Grey 80 Tea Bags,Delicate and bright Lady Grey tea with zesty orange and lemon peel for a lighter twist. 80 tea bags.,4.24,Tea|BlackTea|LadyGrey,/static/twinings_images/TW030.jpeg,Twinings
TW031,Twinings Strong English Breakfast 120 Tea Bags,Lively and full of flavour 1706 Strong English Breakfast blend for a bold satisfying cup. 120 tea bags.,5.35,Tea|BlackTea|EnglishBreakfast,/static/twinings_images/TW031.jpeg,Twinings
TW032,Twinings Assam 80 Tea Bags,Strong and malty Assam black tea bags delivering a rich full-bodied brew. 80 tea bags.,4.92,Tea|BlackTea|Assam,/static/twinings_images/TW032.jpeg,Twinings
TW033,Twinings English Afternoon 80 Tea Bags,Light and refreshing English Afternoon tea blend. Clearance. 80 tea bags.,4.24,Tea|BlackTea|EnglishAfternoon,/static/twinings_images/TW033.jpeg,Twinings
TW034,Twinings English Breakfast String & Tag 50 Envelopes,Classic and well-rounded English Breakfast individually wrapped string and tag envelopes. 50 envelopes.,5.10,Tea|BlackTea|EnglishBreakfast,/static/twinings_images/TW034.jpeg,Twinings
TW035,Twinings Earl Grey 80 Tea Bags,Our classic bergamot-scented Earl Grey blend in convenient tea bags. 80 tea bags.,4.24,Tea|BlackTea|EarlGrey,/static/twinings_images/TW035.jpeg,Twinings
TW036,Twinings Assam 20 Envelopes,Strong and malty Assam black tea in individually sealed envelopes for freshness. 20 envelopes.,2.80,Tea|BlackTea|Assam,/static/twinings_images/TW036.jpeg,Twinings
TW037,Twinings Matcha Green Tea Powder,Premium 30g organic matcha green tea powder for a smooth and vibrant ceremonial-grade brew.,15.99,Tea|GreenTea|Matcha,/static/twinings_images/TW037.jpeg,Twinings
TW038,Twinings Salted Caramel Indulgence Green Tea,Indulgent salted caramel flavoured green tea for a sweet and satisfying cup. 20 envelopes.,3.79,Tea|GreenTea|Flavoured,/static/twinings_images/TW038.jpeg,Twinings
TW039,Twinings Green Tea Apple & Pear,Crisp and refreshing green tea blended with sweet apple and juicy pear. 20 tea bags.,2.49,Tea|GreenTea|Flavoured,/static/twinings_images/TW039.jpeg,Twinings
TW040,Twinings Green Tea Mango & Lychee,Light and fruity green tea with tropical mango and exotic lychee flavours. 20 tea bags.,2.49,Tea|GreenTea|Flavoured,/static/twinings_images/TW040.jpeg,Twinings
TW041,Twinings Gingerbread Indulgence Green Tea,Warming and festive gingerbread flavoured green tea for a cosy indulgent treat. 20 envelopes.,3.79,Tea|GreenTea|Flavoured,/static/twinings_images/TW041.jpeg,Twinings
TW042,Twinings Green Tea & Pomegranate,Refreshing green tea with the rich antioxidant taste of juicy pomegranate. 20 tea bags.,2.49,Tea|GreenTea|Flavoured,/static/twinings_images/TW042.jpeg,Twinings
TW043,Twinings Green Tea & Ginger,Zesty and warming green tea combined with spicy ginger for a reviving cup. 20 tea bags.,2.49,Tea|GreenTea|Flavoured,/static/twinings_images/TW043.jpeg,Twinings
TW044,Twinings Pure Green Tea 80 Tea Bags,Classic smooth and delicate pure green tea with a clean light flavour. 80 tea bags.,5.75,Tea|GreenTea|Pure,/static/twinings_images/TW044.jpeg,Twinings
TW045,Twinings Green Tea & Lemon 80 Tea Bags,Refreshing pure green tea lifted with a bright and zesty lemon flavour. 80 tea bags.,5.75,Tea|GreenTea|Flavoured,/static/twinings_images/TW045.jpeg,Twinings
TW046,Twinings Green Tea & Mint 20 Tea Bags,Cool and refreshing green tea blended with crisp peppermint for an invigorating cup. 20 tea bags.,2.49,Tea|GreenTea|Flavoured,/static/twinings_images/TW046.jpeg,Twinings
TW047,Twinings Green Tea & Jasmine 80 Tea Bags,Delicate and floral green tea with the soft fragrant aroma of jasmine blossom. 80 tea bags.,5.75,Tea|GreenTea|Flavoured,/static/twinings_images/TW047.jpeg,Twinings
TW048,Jacksons of Piccadilly Sencha Green & Lemon,Light and citrusy Sencha green tea with lemon. Limited Stock. Clearance. 20 envelopes.,1.14,Tea|GreenTea|Sencha,/static/twinings_images/TW048.jpeg,Jacksons of Piccadilly
TW049,Twinings Fruit & Herbal Classic Collection,New variety pack with Pure Peppermint Lemon & Ginger Pure Camomile and Strawberry & Raspberry. 20 envelopes.,3.79,Tea|FruitHerbal|Collections,/static/twinings_images/TW049.jpeg,Twinings
TW050,Twinings Herbal Discovery Collection,Herbal discovery variety with Peppermint Camomile & Honey Spiced Ginger and Double Mint. 20 envelopes.,3.79,Tea|FruitHerbal|Collections,/static/twinings_images/TW050.jpeg,Twinings
TW051,Twinings Buttermint,Top Rated smooth and minty buttermint herbal infusion with a creamy cool finish. 20 tea bags.,2.79,Tea|FruitHerbal|Mint,/static/twinings_images/TW051.jpeg,Twinings
TW052,Twinings Fruit Discovery Collection,Fruity variety with Blackcurrant & Blueberry Orange & Lemon Cranberry & Raspberry and Mango & Strawberry. 20 envelopes.,3.79,Tea|FruitHerbal|Collections,/static/twinings_images/TW052.jpeg,Twinings
TW053,Twinings Mango & Strawberry,Tropical and fruity infusion blending sweet mango with juicy strawberry and a hint of lime. 20 tea bags.,2.99,Tea|FruitHerbal|Fruit,/static/twinings_images/TW053.jpeg,Twinings
TW054,Twinings Strawberry & Raspberry,Sweet and vibrant fruity infusion with fresh strawberry and tangy raspberry flavours. 20 tea bags.,2.79,Tea|FruitHerbal|Fruit,/static/twinings_images/TW054.jpeg,Twinings
TW055,Twinings Blood Orange & Cranberry,Bold and tangy fruity infusion with blood orange and cranberry with juicy pomegranate. 20 tea bags.,2.99,Tea|FruitHerbal|Fruit,/static/twinings_images/TW055.jpeg,Twinings
TW056,Twinings Raspberry & Lemon,Bright and refreshing fruity infusion with sweet raspberry lemon and a hint of rose petals. 20 tea bags.,2.99,Tea|FruitHerbal|Fruit,/static/twinings_images/TW056.jpeg,Twinings
TW057,Twinings Lemon & Ginger,Classic and warming herbal infusion with zesty lemon and spicy ginger. Award winning. 20 tea bags.,2.79,Tea|FruitHerbal|Herbal,/static/twinings_images/TW057.jpeg,Twinings
TW058,Twinings Pure Peppermint 80 Tea Bags,Cool and refreshing pure peppermint herbal infusion with a clean and invigorating taste. 80 tea bags.,5.75,Tea|FruitHerbal|Mint,/static/twinings_images/TW058.jpeg,Twinings
TW059,Twinings Peach & Orange,Sweet and sunny fruity infusion combining ripe peach and zesty orange with silky rooibos. 20 tea bags.,2.99,Tea|FruitHerbal|Fruit,/static/twinings_images/TW059.jpeg,Twinings
TW060,Twinings Cranberry & Raspberry,Fruity and vibrant infusion with cranberry and raspberry. 20 tea bags.,2.79,Tea|FruitHerbal|Fruit,/static/twinings_images/TW060.jpeg,Twinings
TW061,Twinings Mixed Sparkling Tea 12 Pack & Free Pocket Tin,Mixed sparkling tea 12 pack with one can of each flavour Boost Revive and Defence plus a free Twinings pocket tin.,11.22,Tea|WellbeingDrinks|SparklingTea|Collections,/static/twinings_images/TW061.jpeg,Twinings
TW062,Twinings Mixed Sparkling Tea 24 Pack,Mixed sparkling tea bumper 24 pack with Boost Revive and Defence flavours. No artificial sweeteners.,22.44,Tea|WellbeingDrinks|SparklingTea|Collections,/static/twinings_images/TW062.jpeg,Twinings
TW063,Twinings Sparkling Tea 3 Can Selection Pack,Try all three sparkling tea flavours in one pack Defence Refresh and Boost. No artificial sweeteners.,3.29,Tea|WellbeingDrinks|SparklingTea|Collections,/static/twinings_images/TW063.jpeg,Twinings
TW064,Twinings Sparkling Tea 12 Can Selection Pack,Variety 12 can selection pack with 4x Defence 4x Refresh and 4x Boost sparkling teas.,11.22,Tea|WellbeingDrinks|SparklingTea|Collections,/static/twinings_images/TW064.jpeg,Twinings
TW065,Twinings Sparkling Tea Revive 12 Pack,Sweet peach and apple with green tea. Refreshing sparkling tea. No artificial sweeteners. 12 cans.,11.22,Tea|WellbeingDrinks|SparklingTea,/static/twinings_images/TW065.jpeg,Twinings
TW066,Twinings Sparkling Tea Refresh 12 Pack,Juicy refreshing lemonade with hibiscus sparkling tea. No artificial sweeteners. 12 cans.,11.22,Tea|WellbeingDrinks|SparklingTea,/static/twinings_images/TW066.jpeg,Twinings
TW067,Twinings Sparkling Tea Boost 4 Pack,Zesty lemon with elderflower and lemon balm sparkling tea. No artificial sweeteners. 4 x 250ml cans.,3.95,Tea|WellbeingDrinks|SparklingTea,/static/twinings_images/TW067.jpeg,Twinings
TW068,Twinings Sparkling Tea Defence 4 Pack,Zesty orange with passionfruit and elderberry sparkling tea. No artificial sweeteners. 4 x 250ml cans.,3.95,Tea|WellbeingDrinks|SparklingTea,/static/twinings_images/TW068.jpeg,Twinings
TW069,Twinings Sparkling Tea Revive 250ml Can,Sweet peach and apple with green tea sparkling drink. No artificial sweeteners. Single 250ml can.,1.25,Tea|WellbeingDrinks|SparklingTea,/static/twinings_images/TW069.jpeg,Twinings
TW070,Twinings Sparkling Tea Refresh 250ml Can,Juicy refreshing lemonade with hibiscus sparkling drink. No artificial sweeteners. Single 250ml can.,1.25,Tea|WellbeingDrinks|SparklingTea,/static/twinings_images/TW070.jpeg,Twinings
TW071,Twinings Sparkling Tea Boost 250ml Can,Zesty lemon with elderflower and lemon balm sparkling drink. No artificial sweeteners. Single 250ml can.,1.25,Tea|WellbeingDrinks|SparklingTea,/static/twinings_images/TW071.jpeg,Twinings
TW072,Twinings Sparkling Tea Defence 250ml Can,Zesty orange with passionfruit and elderberry sparkling drink. No artificial sweeteners. Single 250ml can.,1.25,Tea|WellbeingDrinks|SparklingTea,/static/twinings_images/TW072.jpeg,Twinings
TW073,Twinings Deluxe Wooden Tea Box 2 Compartment Filled,Elegant walnut-finish deluxe wooden tea box filled with 2 compartments of Twinings finest teas.,28.00,Gifting&Teaware|LuxuryGifts|TeaBoxes,/static/twinings_images/TW073.jpeg,Twinings
TW074,Twinings Deluxe Wooden Tea Box 4 Compartment Filled,Elegant walnut-finish deluxe wooden tea box filled with 4 compartments of Twinings finest teas.,40.00,Gifting&Teaware|LuxuryGifts|TeaBoxes,/static/twinings_images/TW074.jpeg,Twinings
TW075,Twinings Deluxe Wooden Tea Box 12 Compartment Filled,Large walnut-finish deluxe wooden tea box filled with 12 compartments of Twinings finest teas. Clearance.,50.40,Gifting&Teaware|LuxuryGifts|TeaBoxes,/static/twinings_images/TW075.jpeg,Twinings
TW076,Twinings White Wooden Tea Box 4 Compartment Filled,Beautiful white wooden tea box filled with 4 compartments of Twinings favourite teas. A perfect gift.,38.00,Gifting&Teaware|LuxuryGifts|TeaBoxes,/static/twinings_images/TW076.jpeg,Twinings
TW077,Twinings Loose Leaf Pyramid Tea Box 2 Compartment Filled,Sleek black loose leaf pyramid tea box filled with 2 compartments of Twinings premium loose leaf teas.,37.00,Gifting&Teaware|LuxuryGifts|TeaBoxes,/static/twinings_images/TW077.jpeg,Twinings
TW078,Twinings Black Wooden Tea Box 8 Compartment Filled,Sophisticated black wooden tea box filled with 8 compartments of Twinings finest teas. Clearance.,38.40,Gifting&Teaware|LuxuryGifts|TeaBoxes,/static/twinings_images/TW078.jpeg,Twinings
TW079,Twinings Wind Down Gift Box,Relaxing gift box with Twinings Wind Down tea and a beautiful mug. Perfect for unwinding. Clearance.,10.50,Gifting&Teaware|LuxuryGifts|GiftBoxes,/static/twinings_images/TW079.jpeg,Twinings
TW080,Monty Bojangles Kitten Tin Collection Cocoa Dusted Truffles,Vibrant Monty Bojangles kitten tin filled with indulgent cocoa dusted chocolate truffles. A luxurious treat. Clearance.,22.96,Gifting&Teaware|LuxuryGifts|GiftBoxes,/static/twinings_images/TW080.jpeg,Monty Bojangles
TW081,Twinings Wellbeing Essentials Gift Bag,Curated wellbeing gift bag featuring a selection of Twinings Superblends and essentials for mind and body.,10.50,Gifting&Teaware|LuxuryGifts|GiftBags,/static/twinings_images/TW081.jpeg,Twinings
TW082,Twinings Chocolate Lovers Gift Box,Indulgent gift box pairing Twinings tea with a delightful chocolate treat for the ultimate luxury experience. Clearance.,12.32,Gifting&Teaware|LuxuryGifts|GiftBoxes,/static/twinings_images/TW082.jpeg,Twinings
TW083,Twinings Breakfast Brew Gift Bag,Classic breakfast gift bag featuring Twinings English Breakfast Assam and morning tea favourites.,14.50,Gifting&Teaware|LuxuryGifts|GiftBags,/static/twinings_images/TW083.jpeg,Twinings
TW084,Twinings Tea for Two Earl & Lady Grey Gift Bag,Elegant gift bag with Twinings Earl Grey and Lady Grey teas perfect for sharing a special moment for two.,22.00,Gifting&Teaware|LuxuryGifts|GiftBags,/static/twinings_images/TW084.jpeg,Twinings
TW085,Twinings Winter Indulgence Hot Chocolate Gift Bag,Cosy winter gift bag with Twinings hot chocolate and indulgent treats for warming winter moments.,16.50,Gifting&Teaware|LuxuryGifts|GiftBags,/static/twinings_images/TW085.jpeg,Twinings
TW086,Twinings Green Tea Selection Gift Bag,Refreshing green tea gift bag featuring a curated selection of Twinings finest green teas.,12.50,Gifting&Teaware|LuxuryGifts|GiftBags,/static/twinings_images/TW086.jpeg,Twinings
TW087,Twinings Feel Good Gift Bag,Uplifting feel good gift bag with a selection of Twinings Superblends teas and a stylish mug. Clearance.,8.80,Gifting&Teaware|LuxuryGifts|GiftBags,/static/twinings_images/TW087.jpeg,Twinings
TW088,Twinings Moments of Still Gift Box,Serene gift box curated for moments of stillness featuring calming Twinings teas and a beautiful mug.,18.00,Gifting&Teaware|LuxuryGifts|GiftBoxes,/static/twinings_images/TW088.jpeg,Twinings
TW089,Twinings Timeless Black Tea Classics Gift Box,Sophisticated gift box celebrating Twinings classic black teas including Assam Earl Grey and English Breakfast.,19.00,Gifting&Teaware|LuxuryGifts|GiftBoxes,/static/twinings_images/TW089.jpeg,Twinings
TW090,Twinings Wellbeing Collection Gift Box,Thoughtful wellbeing gift box with a handpicked selection of Twinings Superblends teas and a mug. Clearance.,9.80,Gifting&Teaware|LuxuryGifts|GiftBoxes,/static/twinings_images/TW090.jpeg,Twinings
TW091,Twinings Large Black Gift Box with Red Ribbon,Elegant large empty black gift box with a luxurious red satin ribbon. Perfect for creating your own gift.,6.00,Gifting&Teaware|GiftBoxesBagsHampers|GiftBoxes,/static/twinings_images/TW091.jpeg,Twinings
TW092,Twinings Small Black Gift Box with Red Ribbon,Stylish small empty black gift box with a luxurious red satin ribbon. Ideal for a personal gift.,5.00,Gifting&Teaware|GiftBoxesBagsHampers|GiftBoxes,/static/twinings_images/TW092.jpeg,Twinings
TW093,Twinings 18 Empty Black Wicker Hamper,Large premium empty black wicker hamper basket with buckle fastening. Ready to fill. Clearance.,19.50,Gifting&Teaware|GiftBoxesBagsHampers|Hampers,/static/twinings_images/TW093.jpeg,Twinings
TW094,Twinings 18 Empty Wicker Hamper,Classic empty natural wicker hamper basket with buckle fastening. Ready to fill with your own gifts. Clearance.,19.50,Gifting&Teaware|GiftBoxesBagsHampers|Hampers,/static/twinings_images/TW094.jpeg,Twinings
TW095,Twinings 20 Empty Wicker Hamper,Large empty natural wicker hamper basket with buckle fastening. Plenty of room for a generous gift. Clearance.,24.00,Gifting&Teaware|GiftBoxesBagsHampers|Hampers,/static/twinings_images/TW095.jpeg,Twinings
TW096,Twinings Small White Gift Box with Gold Ribbon,Beautiful small empty white gift box with an elegant gold satin ribbon. Perfect for a thoughtful present.,5.00,Gifting&Teaware|GiftBoxesBagsHampers|GiftBoxes,/static/twinings_images/TW096.jpeg,Twinings
TW097,Twinings Medium Black & Gold Gift Bag,Sophisticated medium empty black and gold Twinings branded gift bag with handles. Ideal for gifting.,2.50,Gifting&Teaware|GiftBoxesBagsHampers|GiftBags,/static/twinings_images/TW097.jpeg,Twinings
TW098,Twinings Medium White & Gold Gift Bag,Elegant medium empty white and gold Twinings branded gift bag with handles. Perfect for any occasion.,2.50,Gifting&Teaware|GiftBoxesBagsHampers|GiftBags,/static/twinings_images/TW098.jpeg,Twinings
TW099,Twinings Large White Gift Box with Gold Ribbon,Luxurious large empty white gift box with a beautiful gold satin ribbon. Create the perfect gift.,6.00,Gifting&Teaware|GiftBoxesBagsHampers|GiftBoxes,/static/twinings_images/TW099.jpeg,Twinings
TW100,Twinings Stainless Steel Tea Strainer,Premium stainless steel tea strainer with a fine mesh bowl and decorative handle. Perfect for loose leaf tea.,7.00,Gifting&Teaware|Teaware|TeaAccessories|TeaStrainer,/static/twinings_images/TW100.jpeg,Twinings
TW101,Twinings Tea Tidy,Handy stainless steel tea tidy to rest your teabag or infuser after brewing. Keeps surfaces clean.,7.00,Gifting&Teaware|Teaware|TeaAccessories|TeaTidy,/static/twinings_images/TW101.jpeg,Twinings
TW102,Twinings Loose Tea Scoop,Stylish stainless steel loose tea scoop for measuring the perfect amount of loose leaf tea every time.,7.00,Gifting&Teaware|Teaware|TeaAccessories,/static/twinings_images/TW102.jpeg,Twinings
TW103,Pip Studio Birdhouse Tea Infuser,Charming Pip Studio birdhouse-shaped tea infuser with a colourful ceramic design. A delightful gift.,16.00,Gifting&Teaware|Teaware|TeaAccessories,/static/twinings_images/TW103.jpeg,Pip Studio
TW104,Matcha Bamboo Whisk,Traditional bamboo chasen matcha whisk for preparing smooth and frothy matcha green tea at home.,12.75,Gifting&Teaware|Teaware|TeaAccessories|Matcha,/static/twinings_images/TW104.jpeg,Twinings
TW105,Matcha Bowl,Elegant ceramic matcha bowl for whisking and enjoying ceremonial matcha tea in authentic Japanese style.,10.20,Gifting&Teaware|Teaware|TeaAccessories|Matcha,/static/twinings_images/TW105.jpeg,Twinings
TW106,Matcha Bamboo Spoon,Traditional bamboo chashaku matcha spoon for measuring the perfect amount of matcha powder every time.,2.98,Gifting&Teaware|Teaware|TeaAccessories|Matcha,/static/twinings_images/TW106.jpeg,Twinings
TW107,Twinings Over Ice Tea Shaker,Handy plastic tea shaker for making delicious cold brew and over-ice tea drinks. Includes infuser basket.,10.00,Gifting&Teaware|Teaware|TeaAccessories,/static/twinings_images/TW107.jpeg,Twinings
TW108,Pip Studio La Majorelle Hare Tea Infuser,Enchanting Pip Studio La Majorelle hare-shaped tea infuser with a vibrant hand-painted design.,16.00,Gifting&Teaware|Teaware|TeaAccessories,/static/twinings_images/TW108.jpeg,Pip Studio
TW109,Twinings Pack of 3 Pocket Tins Mixed,Collectible set of three mixed Twinings pocket tins in assorted designs. Perfect for on-the-go tea lovers.,11.37,Gifting&Teaware|Teaware|PocketTins|Storage,/static/twinings_images/TW109.jpeg,Twinings
TW110,Twinings Pack of 2 Pocket Tins Mixed,Set of two mixed design Twinings pocket tins. Stylish and compact for storing your favourite tea bags.,7.58,Gifting&Teaware|Teaware|PocketTins|Storage,/static/twinings_images/TW110.jpeg,Twinings
TW111,Twinings Pack of 2 Pocket Tins Pink,Set of two pink design Twinings pocket tins. Pretty and practical for keeping tea bags fresh on the go.,7.58,Gifting&Teaware|Teaware|PocketTins|Storage,/static/twinings_images/TW111.jpeg,Twinings
TW112,Twinings Fruitful Selection Gift Bag,Vibrant fruity gift bag featuring a colourful selection of Twinings finest fruit and herbal teas.,15.00,Gifting&Teaware|LuxuryGifts|GiftBags,/static/twinings_images/TW112.jpeg,Twinings
TW113,Twinings Small White & Gold Gift Bag,Elegant small empty white and gold Twinings branded gift bag. Perfect for presenting a personal tea gift.,1.50,Gifting&Teaware|GiftBoxesBagsHampers|GiftBags,/static/twinings_images/TW113.jpeg,Twinings
TW114,Twinings Pocket Tins Collection,Beautiful set of collectible Twinings pocket tins in assorted vintage-inspired designs for storing tea bags.,7.00,Gifting&Teaware|Teaware|PocketTins|Storage,/static/twinings_images/TW114.jpeg,Twinings
TW115,Twinings 216 Strand Tea for One - Black Design,Elegant stacked teapot and teacup set inspired by the iconic 216 Strand store. Classic black design with gold detailing.,45.00,Gifting&Teaware|Teapots,/static/twinings_images/TW115.jpeg,Twinings
TW116,Twinings 216 Strand Teapot - Black Design,Stunning Twinings 216 Strand teapot in a bold black design with gold lettering. A true collector's piece.,80.00,Gifting&Teaware|Teapots,/static/twinings_images/TW116.jpeg,Twinings
TW117,Twinings 216 Strand Tea for One - Gold Edge,Exquisite stacked teapot and teacup set in an elegant gold edge design inspired by the 216 Strand heritage.,52.00,Gifting&Teaware|Teapots,/static/twinings_images/TW117.jpeg,Twinings
TW118,Twinings 216 Strand Teapot - Gold Edge,Beautiful Twinings 216 Strand teapot with a luxurious gold edge finish. A statement piece for any tea lover.,80.00,Gifting&Teaware|Teapots,/static/twinings_images/TW118.jpeg,Twinings
TW119,The English Tableware Company Bee Happy Teapot,Charming and cheerful Bee Happy teapot from The English Tableware Company. White with delightful bee motif.,22.99,Gifting&Teaware|Teapots,/static/twinings_images/TW119.jpeg,The English Tableware Company
TW120,Pip Studio Blushing Birds Large 1.6L Teapot - Blue,Vibrant blue Pip Studio Blushing Birds teapot with beautiful floral and bird illustrations. 1.6L capacity.,58.00,Gifting&Teaware|Teapots,/static/twinings_images/TW120.jpeg,Pip Studio
TW121,Pip Studio Blushing Birds Large 1.6L Teapot - Khaki,Elegant khaki green Pip Studio Blushing Birds teapot adorned with charming floral and bird designs. 1.6L.,58.00,Gifting&Teaware|Teapots,/static/twinings_images/TW121.jpeg,Pip Studio
TW122,Pip Studio Blushing Birds Large 1.6L Teapot - White,Classic white Pip Studio Blushing Birds teapot featuring colourful floral and bird artwork. 1.6L capacity.,58.00,Gifting&Teaware|Teapots,/static/twinings_images/TW122.jpeg,Pip Studio
TW123,Pip Studio La Majorelle Large 1.6L Teapot - Pink,Romantic pink Pip Studio La Majorelle teapot inspired by the iconic Moroccan garden. 1.6L capacity.,58.00,Gifting&Teaware|Teapots,/static/twinings_images/TW123.jpeg,Pip Studio
TW124,Pip Studio Flower Festival Large 1.6L Teapot - Light Blue,Fresh light blue Pip Studio Flower Festival teapot bursting with colourful floral illustrations. 1.6L.,58.00,Gifting&Teaware|Teapots,/static/twinings_images/TW124.jpeg,Pip Studio
TW125,Pip Studio Jolie Dots Large 1.6L Teapot - White & Gold,Sophisticated white and gold Pip Studio Jolie Dots teapot with polka dot pattern. 1.6L capacity.,58.00,Gifting&Teaware|Teapots,/static/twinings_images/TW125.jpeg,Pip Studio
TW126,Yvonne Ellen Zebra & Parrot Teapot,Quirky and characterful Yvonne Ellen teapot featuring a zebra and parrot design. A true conversation piece.,50.00,Gifting&Teaware|Teapots,/static/twinings_images/TW126.jpeg,Yvonne Ellen
TW127,Yvonne Ellen Tiger Teapot,Bold and playful Yvonne Ellen tiger-shaped teapot. A striking statement piece for adventurous tea lovers.,50.00,Gifting&Teaware|Teapots,/static/twinings_images/TW127.jpeg,Yvonne Ellen
TW128,Pip Studio Flower Festival Large 1.6L Teapot - Pink,Joyful pink Pip Studio Flower Festival teapot covered in vivid floral illustrations. 1.6L capacity.,58.00,Gifting&Teaware|Teapots,/static/twinings_images/TW128.jpeg,Pip Studio
TW129,Pip Studio La Majorelle Large 1.6L Teapot - Yellow,Sunshine yellow Pip Studio La Majorelle teapot with exotic Moroccan-inspired botanical designs. 1.6L.,58.00,Gifting&Teaware|Teapots,/static/twinings_images/TW129.jpeg,Pip Studio
TW130,Pip Studio Lily & Lotus Tiles 1.6L Teapot - Lilac,Delicate lilac Pip Studio Lily & Lotus Tiles teapot with intricate botanical tile pattern. 1.6L capacity.,58.00,Gifting&Teaware|Teapots,/static/twinings_images/TW130.jpeg,Pip Studio
TW131,Pip Studio Love Birds Medallion 1.3L Teapot - Emerald Green,Luxurious emerald green Pip Studio Love Birds Medallion teapot with ornate gold detailing. 1.3L.,60.00,Gifting&Teaware|Teapots,/static/twinings_images/TW131.jpeg,Pip Studio
TW132,Pip Studio Oriental Flower Festival 1L Teapot - Light Blue,Beautiful light blue Pip Studio Oriental Flower Festival teapot with intricate Eastern floral patterns. 1L.,75.00,Gifting&Teaware|Teapots,/static/twinings_images/TW132.jpeg,Pip Studio
