PRODUCT_ID,PRODUCT_NAME,PRODUCT_IDS
0031-1,Trench Coat,"98851,100402,7001-1,103151,117210"
0032-1,Leather Jacket,"74010,98851,103151,300062456"
7001-1,Black Newyork Cap,"98851,100402,7001-1,103151,117210"
100124,Panorama Pants Women,"98851,100402,7001-1,103151,117210"
100191,Beacon Jacket,"98851,100402,7001-1,103151,117210"
100378,Machete 158 11/12,"95290,117210"
100402,Seizure Bag,"74010,98851,103151,300062456"
100744,Ace Straight Pant Women,"98851,100402,7001-1,103151,117210"
100746,Anzere Pant Women,"98851,100402,7001-1,103151,117210"
100988,Cascata Beanie,"98851,100402,7001-1,103151,117210"
101580,Tone 153 11/12,"95290,117210"
102153,AC Trefoil Shop Bag white,"98851,100402,7001-1,103151,117210"
102277,Trace Helm,"74010,98851,103151,300062456"
102278,Trace Grom Helm youth,"98851,100402,7001-1,103151,117210"
102284,Tracker Insulated Jacket Youth,"98851,100402,7001-1,103151,117210"
103088,New Standard SS,"74010,98851,103151,300062456"
103151,Transplant Flexfit Cap,"74010,103151,95288"
103335,Kelly Jacket Women,"74010,98851,103151,300062456"
103410,Last Mission Jacket,"74010,98851,103151,300062456"
104176,Nightlife T-Shirt Women,"98851,100402,7001-1,103151,117210"
104485,Dream Team II Skate Backpack,"98851,100402,7001-1,103151,117210"
104668,The Reservoir Beanie,"98851,100402,7001-1,103151,117210"
104905,Kyrpton Rampage 11/12,"95290,117210"
105977,The Life Beanie,"98851,100402,7001-1,103151,117210"
105979,The Stripee Fresh Beanie,"98851,100402,7001-1,103151,117210"
107728,Score Mini Stripe Jacket youth,"74010,98851,103151,300062456"
108295,Respect 164 11/12,"95290,117210"
108803,Multilogo Good Looking SS Women,"98851,100402,7001-1,103151,117210"
110839,Team 153 11/12,"95290,117210"
111114,Biarritz Women,"74010,98851,103151,300062456"
115117,Vintage 86 blue havana striped,"98851,100402,7001-1,103151,117210" 
115118,Vintage 88 black havana,"98851,100402,7001-1,103151,117210"
115195,The Dial Women,"74010,98851,103151,300062456"
115202,The Player,"98851,100402,7001-1,103151,117210"
115755,Ekeel 6.3 G/O Fish,"95290,74010,98851,7001-1"
117080,Monster SS Youth Girls,"98851,100402,7001-1,103151,117210"
117204,BT Contrast Cap,"74010,103151,95288" 
117205,BT Full Splatter Cap,"98851,100402,7001-1,103151,117210"
117210,Faded Droid Cap,"74010,103151,95288" 
117211,Easy Beanie,"98851,100402,7001-1,103151,117210" 
117452,X8CH 154.5 11/12,"95290,117210"
117896,Acid SS,"95290,74010,98851,7001-1"
117900,Ginga Cap,"74010,103151,95288" 
117909,Handshake Belt,"74010,103151,95288"
117911,Granda Belt,"74010,103151,95288" 
118174,Sixo Cargo Short,"98851,100402,7001-1,103151,117210"
118313,Star SS,"95290,74010,98851,7001-1"
118514,Avionics Shades Black,"98851,100402,7001-1,103151,117210"
118591,Frickin Too Short 22'',"98851,100402,7001-1,103151,117210"
118603,Laundry Chino Short,"98851,100402,7001-1,103151,117210"
118693,Secret Spot Belt Women,"95290,74010,98851,7001-1"
118720,Bene Women,"95290,74010,98851,7001-1"
118833,Purma Backpack,"98851,100402,7001-1,103151,117210"
118859,Assortment Web Belt,"98851,100402,7001-1,103151,117210"
118871,Maguro Pu Belt,"74010,103151,95288"
118879,Incision Leather Belt,"74010,103151,95288" 
118893,I Love Tee SS Women,"95290,74010,98851,7001-1" 
118894,Lola Tee SS Women,"95290,74010,98851,7001-1"
118899,Maguro Print Boardshort Youth,"98851,100402,7001-1,103151,117210"
121832,Strybal Scoop Tee SS Women,"98851,100402,7001-1,103151,117210"
121868,Strybal Dress Women,"98851,100402,7001-1,103151,117210" 
121939,Forever Creedlers Women,"98851,100402,7001-1,103151,117210" 
121941,Rocking 2 Creedlers Women,"98851,100402,7001-1,103151,117210" 
121942,Rocking 2 Creedlers Women,"95290,74010,98851,7001-1"
122041,Pledge Short,"95290,74010,98851,7001-1"
122059,Eat,"95290,74010,98851,7001-1"
122072,Element Flat Cap,"98851,100402,7001-1,103151,117210"
122074,El Moro Hat,"98851,100402,7001-1,103151,117210"
122233,Nava-Roll the World Beach Tote Women,"98851,100402,7001-1,103151,117210" 
122312,System Tee SS,"95290,74010,98851,7001-1" 
122320,Eclipse Tee SS,"98851,100402,7001-1,103151,117210"
122321,Quad Tee SS,"95290,74010,98851,7001-1"
122333,Because Tee SS,"98851,100402,7001-1,103151,117210"
122340,Jackson Tee SS,"98851,100402,7001-1,103151,117210"
122379,Seizure Satchel,"95290,74010,98851,7001-1" 
122394,Boxed Out Boardshort youth,"98851,100402,7001-1,103151,117210"
122405,Eclipse SS youth,"95290,74010,98851,7001-1"
122409,Asterisk SS youth,"95290,74010,98851,7001-1" 
122410,Thort SS youth,"95290,74010,98851,7001-1"
122412,Skull 80 SS youth,"98851,100402,7001-1,103151,117210"
122447,Up Country Floral Dress Women,"98851,100402,7001-1,103151,117210"
122459,Gusty Tote Ball Bag Women,"98851,100402,7001-1,103151,117210" 
122461,Wind Jammer Tote Beach Bag Women,"98851,100402,7001-1,103151,117210" 
122670,Enterprize Cap,"74010,103151,95288"
122723,Override Reversible Belt Women,"98851,100402,7001-1,103151,117210" 
122784,Overlay Cushion Women,"98851,100402,7001-1,103151,117210" 
122800,Solo Parenth SS,"95290,74010,98851,7001-1"
122811,Her Logo SS Women,"98851,100402,7001-1,103151,117210" 
123759,Rollercoaster SS,"95290,74010,98851,7001-1"
123922,Bike Bones SS Youth,"95290,74010,98851,7001-1" 
123970,Baby II Bag Women,"98851,100402,7001-1,103151,117210" 
124267,Airline Bag,"95290,74010,98851,7001-1"
124693,Rachel Women,"98851,100402,7001-1,103151,117210"
129704,The Lodown,"95290,74010,98851,7001-1"
129707,The Private,Youth,"98851,100402,7001-1,103151,117210"
130663,HD Hero2 Outdoor Edition,"98851,100402,7001-1,103151,117210"
132042,Tassara Pants Girls Youth,"98851,95288,122723,300062456,300020294"
132871,Limited Jacket,"98851,100402,7001-1,103151,117210"
135304,Thermo Cork,"98851,100402,7001-1,103151,117210"
138966,Flow Tee SS Youth,"98851,95288,122723,300062456,300020294"
144862,Del Chaos Tee SS Youth,"98851,95288,122723,300062456,300020294"
21618,Base Brush Combi Nylon/Copper,"98851,100402,7001-1,103151,117210"
29160,The Rotolog,"98851,100402,7001-1,103151,117210"
29531,Snowboard Ski Tool Toko Side Edge Angle Pro 88 Grad,"98851,100402,7001-1,103151,117210"
29532,Snowboard Ski Tool Toko Side Edge Tuning Angle Pro 87 Grad,"98851,100402,7001-1,103151,117210"
29867,Wayne Lynch 6.3,"98851,100402,7001-1,103151,117210"
300013358,Snowboard Ski Tool Red FBI 6,"98851,100402,7001-1,103151,117210"
300015407,Shades Von Zipper Fernstein gold moss gradient,"98851,100402,7001-1,103151,117210"
300020294,Shade Accessories Spy Omega Lens persimmon,"98851,100402,7001-1,103151,117210"
300022349,Wax Toko S3 Hydro Carbon 60g blue,"98851,100402,7001-1,103151,117210"
300022356,Snowboard Ski Tool Toko Ergo Speed Top 88°/89°,"98851,100402,7001-1,103151,117210"
300024964,Shades Fox The Median polished black warm grey,"95290,74010,98851,7001-1"
300040462,Shades Women Roxy Carla roxy black grey,"95290,74010,98851,7001-1"
300044323,Snowboard Ski Tool Red Basic Kit,"98851,100402,7001-1,103151,117210"
300044596,Wax Toko S3 Hydro Carbon 120 g yellow,"98851,100402,7001-1,103151,117210"
300044599,Snowboard Ski Tool Toko T8 800 Wachsbügeleisen für Heißwachs,
300044600,Snowboard Ski Tool Toko Multi Base File Control,
300044601,Snowboard Ski Tool Toko Base File Radial,
300044617,Shades Anon Convict black fade grey gradient,
300044623,Shades Anon Legion crystal & black grey,"95290,74010,98851,7001-1"
300044624,Shades Anon Allie brown tortoise brown,
300045375,Shades Quiksilver Dinero black white red grey,"95290,74010,98851,7001-1"
300046043,T-Shirt Men Playboard Flower SS white XL,
300046587,Shades Fox The Condition polished black grey,"95290,74010,98851,7001-1"
300046592,Shades Fox The Duncan polished black grey,"95290,74010,98851,7001-1"
300047195,Shades Women Roxy Tee Dee Gee dark tortoise brown grey,"95290,74010,98851,7001-1"
300047196,Shades Women Roxy Minx black sig grey GR,
300047199,Shades Women Roxy Roma purple grey,"95290,74010,98851,7001-1"
300047436,Shades Anon Crusher polar black grey polarized,
300047513,Shades Von Zipper Papa G white grey chrome,
300051511,Cap Rip Curl D Cap vetiver,
300310070,Bag Dakine 101 Pack wrap,
300310086,Bag Dakine Factor Pack bomber,
300310163,Bag Dakine Point Pack bomber,
300310180,Bag Dakine Sunglass Case black patches,
300441142,Cap Blue Tomato BT Snow Trucker Cap black,
30404,Shades Von Zipper Papa G black gloss black gloss/grey,"95290,74010,98851,7001-1"
36265,The Rotolog,"98851,100402,7001-1,103151,117210"
43339,The Sentry,"98851,100402,7001-1,103151,117210"
45573,Snowboard Ski Tool Toko Scraper Sharpener World Cup,
45576,Snowboard Ski Tool Toko Skibürste Kombi Nylon/Kupfer,
51411,The Iris Women,"98851,100402,7001-1,103151,117210" 
5191,All in One 120g,"98851,100402,7001-1,103151,117210"
5203,Repair Candle 6 mm,"98851,100402,7001-1,103151,117210"
56802,The Chalet Women,"98851,100402,7001-1,103151,117210" 
62001,Sweetart Pant youth,"98851,100402,7001-1,103151,117210"
63500,Overtime Belt Women,"98851,100402,7001-1,103151,117210"
64389,The Vega Women,"98851,100402,7001-1,103151,117210" 
74010,Torbacula Belt,"74010,103151,95288" 
74036,DMT Diamond File,"98851,100402,7001-1,103151,117210"
74818,The Rubber Re-Run,"98851,100402,7001-1,103151,117210"
74825,The Sentry,"98851,100402,7001-1,103151,117210"
74844,The Zona Women,"98851,100402,7001-1,103151,117210" 
7907,Board Grip,"98851,100402,7001-1,103151,117210"
79889,Ghada Leather Belt Women,"98851,100402,7001-1,103151,117210" 
80147,Control Short,"98851,100402,7001-1,103151,117210"
81252,Fornax Pant Insulated Youth,"98851,95288,122723,300062456,300020294"
83025,Blocked Boardshort Youth,"98851,95288,122723,300062456,300020294"
83174,Stella Dress Women,"98851,100402,7001-1,103151,117210" 
83223,Selva Dress Women,"98851,100402,7001-1,103151,117210"
84574,Stratus Dress Women,"98851,100402,7001-1,103151,117210"
92637,Boardshort Youth,"98851,95288,122723,300062456,300020294"
92905,Vintage 72 metallic grey/ yellow,
92961,Spikes 44,"98851,100402,7001-1,103151,117210"
93762,The Brick Beanie,"98851,100402,7001-1,103151,117210" 
94063,The 51-30,"98851,100402,7001-1,103151,117210"
94172,Camper Beanie,"98851,100402,7001-1,103151,117210"
94374,Studio Pant,"98851,100402,7001-1,103151,117210"
94382,Strut Pant Women,"98851,100402,7001-1,103151,117210" 
94415,Adapt New Era,"98851,100402,7001-1,103151,117210"
94462,Bender Jacket,"98851,100402,7001-1,103151,117210"
94474,Trenchtown Jacket,"98851,100402,7001-1,103151,117210"
94489,5 Pocket Freedom Pant,"98851,100402,7001-1,103151,117210"
94491,Annex Pant,"98851,100402,7001-1,103151,117210"
94714,Limmer Pant,"98851,100402,7001-1,103151,117210"
94791,Kompass Tee SS Women,"98851,100402,7001-1,103151,117210" 
94942,Mira Twill Jacket youth,
95288,Buffer II Sock,"98851,100402,7001-1,103151,117210"
95290,Party Sock,"98851,100402,7001-1,103151,117210"
95353,Amped Jacket Youth,"98851,95288,122723,300062456,300020294"
95361,Sludge Jacket youth,
95366,Minishred Illusion 1 Piece yth,
95367,Minishred Melody Jacket Youth,"98851,95288,122723,300062456,300020294"
95385,Andover Jacket,
95424,Dandridge Down Jacket Women,"98851,100402,7001-1,103151,117210" 
95437,Tabloid Jacket Women,"98851,100402,7001-1,103151,117210" 
95438,Theory Jacket Women,"98851,100402,7001-1,103151,117210"
95441,Aster Jacket Women,"98851,100402,7001-1,103151,117210" 
95446,Twc Such A Deal Pant youth,
95453,Sweetheart Pant youth,
95464,Cargo Pant,
95482,Twc Honey Buns Pant Women,"98851,100402,7001-1,103151,117210"
95484,Basis Pant Women,"98851,100402,7001-1,103151,117210" 
95490,Lucky Pant Women,"98851,100402,7001-1,103151,117210" 
95521,Spectre Glove,
96001,Fade Beanie,"98851,100402,7001-1,103151,117210"
96022,Trope Beanie,"98851,100402,7001-1,103151,117210" 
96026,What¦s Your Niner,
96097,Studded Belt,"74010,103151,95288" 
96162,Crammed SS,
96172,Pennant SS,
96502,Hawkeye Painted white,
96977,Custom Est 11/12,"95290,117210" 
96990,Custom 11/12,"95290,117210" 
97199,Monkeywrench 157 11/12,"95290,117210" 
97252,Twc Standard 156W 11/12,"95290,117210"
97607,Budmo Pant,
97692,Heritage Pipe Glove,
97693,Sadplant Pipe Glove,
97788,Landen Insulated Pant,
98851,Lenus Belt,"74010,103151,95288" 
98908,Tarzo Pants youth,
98913,Plan B Youth Pant,
98929,Luna Twill Pant Women,"98851,100402,7001-1,103151,117210"
98951,Mountain SS Basic Tee Logo youth,
99063,Mannual Bricks Insulated Jacket Youth,"98851,95288,122723,300062456,300020294"
99146,Arc Jacket Women,"98851,100402,7001-1,103151,117210" 
99154,Twain Pant Women,"98851,100402,7001-1,103151,117210" 
99277,Spaghetti SS Women,"98851,100402,7001-1,103151,117210" 
300026673,Sneakers Vans Old Skool black/white 10.5,"95290,98851,100402,122379"
300026674,Sneakers Vans Old Skool black/white 11.0,"95290,74010,98851,7001-1"
300026675,Sneakers Vans Old Skool black/white 12.0,"95290,74010,98851,7001-1"
300026676,Sneakers Vans Old Skool black/white 8.5,"95290,98851,100402,122379"
300026677,Sneakers Vans Old Skool black/white 9.0,"95290,74010,98851,7001-1"
300026678,Sneakers Vans Old Skool black/white 9.5,"95290,98851,100402,122379"
300026679,Slip On Vans Classic Slip on black white checker/white 10.0,"95290,74010,98851,7001-1"
300026680,Slip On Vans Classic Slip on black white checker/white 10.5,"95290,98851,100402,122379"
300026681,Slip On Vans Classic Slip on black white checker/white 11.0,"95290,74010,98851,7001-1"
300026682,Slip On Vans Classic Slip on black white checker/white 12.0,"95290,74010,98851,7001-1"
300026684,Slip On Vans Classic Slip on black white checker/white 8.5,"95290,98851,100402,122379"
300026685,Slip On Vans Classic Slip on black white checker/white 9.0,"95290,74010,98851,7001-1"
300026686,Slip On Vans Classic Slip on black white checker/white 9.5,"95290,98851,100402,122379"
300026687,Slip On Vans Classic Slip on black white checker/white 11.5,"95290,98851,100402,122379"
300026688,Slip On Vans Classic Slip on black white checker/white 13.0,"95290,74010,98851,7001-1"
300026689,Slip On Vans Classic Slip on black white checker/white 14.0,"95290,74010,98851,7001-1"
300026690,Slip On Vans Classic Slip on black white checker/white 15.0,"95290,74010,98851,7001-1"
300026691,Slip On Vans Classic Slip on black white checker/white 7.0,"95290,74010,98851,7001-1"
300036392,Sneakers Vans Old Skool black/white 11.5,"95290,98851,100402,122379"
300036393,Sneakers Vans Old Skool black/white 13.0,"95290,74010,98851,7001-1"
300036394,Sneakers Vans Old Skool black/white 8.0,"95290,74010,98851,7001-1"
300046029,T-Shirt Men Playboard Raster SS red M,"74010,98851,103151,300062456"
300046030,T-Shirt Men Playboard Raster SS red S,"74010,98851,103151,300062456"
300046031,T-Shirt Men Playboard Raster SS red XL,"74010,98851,103151,300062456"
300046032,T-Shirt Men Playboard Raster SS white L,"74010,98851,103151,300062456"
300046033,T-Shirt Men Playboard Raster SS white M,"74010,98851,103151,300062456"
300046035,T-Shirt Men Playboard Raster SS white XL,"74010,98851,103151,300062456"
300046036,T-Shirt Men Playboard Flower SS black L,"95290,74010,98851,7001-1"
300046037,T-Shirt Men Playboard Flower SS black M,"95290,74010,98851,7001-1"
300046038,T-Shirt Men Playboard Flower SS black S,"74010,98851,103151,300062456"
300046039,T-Shirt Men Playboard Flower SS black XL,"95290,74010,98851,7001-1"
300050253,Slip On Vans Classic Slip On checkerboard/black/pewter 7.0,"95290,74010,98851,7001-1"
300050254,Slip On Vans Classic Slip On checkerboard/black/pewter 7.5,"95290,98851,100402,122379"
300050255,Slip On Vans Classic Slip On checkerboard/black/pewter 8.0,"95290,74010,98851,7001-1"
300050256,Slip On Vans Classic Slip On checkerboard/black/pewter 8.5,"95290,98851,100402,122379"
300050257,Slip On Vans Classic Slip On checkerboard/black/pewter 9.0,"95290,74010,98851,7001-1"
300050258,Slip On Vans Classic Slip On checkerboard/black/pewter 9.5,"95290,98851,100402,122379"
300060389,Snowboard Binding F2-FTWO Mondo LT black L,"95290,74010,98851,7001-1"
300062456,Helmet Women TSG Lotus Graphic Designs wms Butterfly LXL,"74010,98851,103151,300062456"
300062466,Sneakers Vans Old Skool black/white 7.0,"95290,74010,98851,7001-1"
300065500,Slip On Vans Classic Slip On checkerboard/black/pewter 5.0,"95290,74010,98851,7001-1"
300065501,Slip On Vans Classic Slip On checkerboard/black/pewter 6.5,"95290,98851,100402,122379"
300067366,T-Shirt Men Playboard Raster SS black L,"95290,74010,98851,7001-1"
300067367,T-Shirt Men Playboard Raster SS black M,"95290,74010,98851,7001-1"
300067368,T-Shirt Men Playboard Raster SS black S,"74010,98851,103151,300062456"
300067369,T-Shirt Men Playboard Raster SS black XL,"95290,74010,98851,7001-1"
300067371,T-Shirt Men Playboard Raster SS purple M,"74010,98851,103151,300062456"
300067372,T-Shirt Men Playboard Raster SS purple S,"74010,98851,103151,300062456"
300067374,T-Shirt Men Playboard Logo Tee black L,"95290,74010,98851,7001-1"
300067375,T-Shirt Men Playboard Logo Tee black M,"95290,74010,98851,7001-1"
300067376,T-Shirt Men Playboard Logo Tee black S,"74010,98851,103151,300062456"
300067377,T-Shirt Men Playboard Logo Tee black XL,"95290,74010,98851,7001-1"
300068437,Slip On Vans Classic Slip on black white checker/white 11.5,"95290,98851,100402,122379"
300076093,T-Shirt Men Playboard Logo Tee red L,"74010,98851,103151,300062456"
300076094,T-Shirt Men Playboard Logo Tee red M,"74010,98851,103151,300062456"
300076932,Sneakers Vans Old Skool black/white 4.0,"95290,74010,98851,7001-1"
300076933,Sneakers Vans Old Skool black/white 4.5,"95290,98851,100402,122379"
300076934,Sneakers Vans Old Skool black/white 5.0,"95290,74010,98851,7001-1"
300076935,Sneakers Vans Old Skool black/white 6.0,"95290,74010,98851,7001-1"
300076936,Sneakers Vans Old Skool black/white 7.5,"95290,98851,100402,122379"
300147490,T-Shirt Men Playboard Skull SS black S,"74010,98851,103151,300062456"
300147493,T-Shirt Men Playboard Skull SS black XXL,"74010,98851,103151,300062456"
300147503,T-Shirt Men Playboard Skull SS white XL,"74010,98851,103151,300062456"
300147505,T-Shirt Men Playboard Skull SS white XXL,"74010,98851,103151,300062456"
300147511,T-Shirt Men Playboard Logo Tee irish green M,"74010,98851,103151,300062456"
300147512,T-Shirt Men Playboard Logo Tee irish green S,"74010,98851,103151,300062456"
300147513,T-Shirt Men Playboard Logo Tee irish green XL,"74010,98851,103151,300062456"
300150177,Slip On Vans Classic Slip On checkerboard/black/pewter 5.5,"95290,98851,100402,122379"
300415712,Trope Beanie astro turf Uni,"74010,98851,103151,300062456"
300427739,Sadplant Pipe Glove digi plaid S,"74010,98851,103151,300062456"
300617125,Rollercoaster SS holiday/multicolor L,"74010,98851,103151,300062456"
300738114,Asterisk SS youth black XS,"74010,98851,103151,300062456"
35100,Slip On Vans Classic Slip On black/formula one checker 10.5,"95290,98851,100402,122379"
35101,Slip On Vans Classic Slip On black/formula one checker 11.0,"95290,7001-1,103151,100402,122723"
35102,Slip On Vans Classic Slip On black/formula one checker 12.0,"95290,74010,98851,7001-1"
35104,Slip On Vans Classic Slip On black/formula one checker 8.5,"95290,98851,100402,122379"
35105,Slip On Vans Classic Slip On black/formula one checker 9.0,"95290,74010,98851,7001-1"
35106,Slip On Vans Classic Slip On black/formula one checker 9.5,"95290,98851,100402,122379"
35135,Slip On Vans Classic Slip On black/formula one checker 8.0,"95290,74010,98851,7001-1"
300399834,5 Pocket Freedom Pant burnt greens M,"74010,98851,103151,300062456"
300410422,Sludge Jacket youth col mustard colorblock XL,"74010,98851,103151,300062456"
300464995,Nightlife T-Shirt Women violet M,"74010,98851,103151,300062456"
300608392,I Love Tee SS Women grey heather M,"74010,98851,103151,300062456"
300659388,HD Hero2 Outdoor Edition uni Uni,"74010,98851,103151,300062456"
300738204,Skull 80 SS youth navy S,"74010,98851,103151,300062456"
300772559,Del Chaos Tee SS Youth white L,"74010,98851,103151,300062456"