PRODUCT_ID,PRODUCT_NAME,SUMMARY,PRICE,CATEGORY_IDS,IMAGE_URL,STYLE,SIZE,SwatchColors,BaseProduct
29532,Snowboard Ski Tool Toko Side Edge Tuning Angle Pro 87 Grad,Negative side and blade angle for professional blade tuning. The tool used by alpine World Cup pros.,21.21,Toko|skigear|100200|snow,/medias/?context=bWFzdGVyfGltYWdlc3wxMzU3fGltYWdlL2pwZWd8YVcxaFoyVnpMMmcxWWk5b1pHRXZPRGM1TmpZMU9EQTBNRGcyTWk1cWNHY3wzMjUxM2YyZjMyNThiMjM5ZWZmMjcxNDE2ZWJjYzI1NTNlZWExYjFhZTdmMjczOGEzNzRhNTVjZGNiNzMzYjU5,,,,29532
30404,Shades Von Zipper Papa G black gloss black gloss/grey,Like a chunk of fudge on december 26th this super-sized piece of eye candy is the gift that keeps on giving into the New Year and doesn't melt in your hand or cause love handles,67.96,Von Zipper|sunglasses|240100|100200|snow,/medias/?context=bWFzdGVyfGltYWdlc3wxNjQyfGltYWdlL2pwZWd8YVcxaFoyVnpMMmhtTnk5b01qa3ZPRGM1TmpZMk16STRNemMwTWk1cWNHY3xkMDNiNDY0YWMxZmRmNzA2M2FjMmIzYTE3NGVjODM0NzU2MTI5MTM4NGM1NDAxZjlmMWNhZWFiMjQ5YTI1ZmE2,,,,30404
45573,Snowboard Ski Tool Toko Scraper Sharpener World Cup,Plexiblade sharpener for 3 4 5 and 6 mm (1/8? 3/16? 5/32? and 1/4?) blade width. With ceramic disc.<br>Level: Ambitious,30.56,Toko|skigear|100200|snow,/medias/?context=bWFzdGVyfGltYWdlc3wxOTUyfGltYWdlL2pwZWd8YVcxaFoyVnpMMmcyTXk5b1lXSXZPRGM1TmpZMk16ZzNNelUyTmk1cWNHY3xlODE2ZDM1NzUzOGQ1Njk3NGIxODc1Mzg5YTY1MDZlZDE4Y2EzNzIwNjJiMjcxNWM1ZTBmY2IwNjgyOTA4NWZj,,,,45573
45574,Snowboard Ski Tool Toko Plexiklinge 3 mm/flexibel,,4.26,Toko|skigear|100200|snow,/medias/?context=bWFzdGVyfGltYWdlc3wxNzA2fGltYWdlL2pwZWd8YVcxaFoyVnpMMmc0TWk5b05ESXZPRGM1TmpZMk16a3pPVEV3TWk1cWNHY3xiODNjYTQwNjRiOTgxN2MwNjRjMDY4NWQ4NDk3NjYxNmExNjczMWQzMTI5YjU3OGZlZGE5M2M5Y2ZjZGFhN2Q4,,,,45574
45576,Snowboard Ski Tool Toko Skibürste Kombi Nylon/Kupfer,An economical brush option of 1/2 nylon and 1/2 copper.,12.86,Toko|skigear|100200|snow,/medias/?context=bWFzdGVyfGltYWdlc3wyMzg4fGltYWdlL2pwZWd8YVcxaFoyVnpMMmc1WVM5b05HUXZPRGM1TmpZMk5EQXdORFl6T0M1cWNHY3w2YWE0NzQ1ZjQ0MDZkOWYyMzIzMTVhZWI1MjI4OTEyY2FmNjRhZWEyYjIxMzVjYzQzYTNhMGE0YzQ3OGYxNTU5,,,,45576
45577,Snowboard Ski Tool Toko Thermo Pad,,5.12,Toko|skigear|100200|snow,/medias/?context=bWFzdGVyfGltYWdlc3wyMTY3fGltYWdlL2pwZWd8YVcxaFoyVnpMMmczT0M5b1pEa3ZPRGM1TmpZMk5EQTNNREUzTkM1cWNHY3xlNDhkMTkwMTllZTBmYmE4ZGFiMzc1NGE1ZmNiMGZlNzAwYWJmZDA1OGJlYThhYTI5NjY3N2Q2OWIzOGEwODk1,,,,45577
300013358,Snowboard Ski Tool Red FBI 6,A pit crew for your pocket.,16.96,Red|tools|100200|snow,/medias/?context=bWFzdGVyfGltYWdlc3wyNjIyfGltYWdlL2pwZWd8YVcxaFoyVnpMMmcyWmk5b01qY3ZPRGM1TmpZMU9ESXpOelEzTUM1cWNHY3wxOGJlODNkMmJiMWRiM2RkYTE3NDk0OTU5NDc2ZTc3ZDVhNjEyYWEzMzE4MjgzZTU0ZjNmOGI1YzM3N2I4NTk5,,,,300013358
300020294,Shade Accessories Spy Omega Lens persimmon,Replacement lens for the Omega from Spy/ persimmon,19.51,Spy|goggles,/medias/?context=bWFzdGVyfGltYWdlc3wyNzA1fGltYWdlL2pwZWd8YVcxaFoyVnpMMmcwT0M5b05tRXZPRGM1TmpZMU9ETTJPRFUwTWk1cWNHY3xjOTZkNTUwYTJjYTRjMDk4NTE1ZDNlNWM0NTdmNDQ4NjZhY2M3ZDkwMTE0NTU4MWJmNTBlM2E0ZmZhNjAwOWEx,,,,300020294
300022348,Wax Toko S3 Hydro Carbon Set 120 g yellow/red,,42.65,Toko|skigear|100200|snow,/medias/?context=bWFzdGVyfGltYWdlc3wyNzA0fGltYWdlL2pwZWd8YVcxaFoyVnpMMmhsTUM5b05tSXZPRGM1TmpZMU9EUXpOREEzT0M1cWNHY3xkODJlNmIwMmUyMWU3YWRhYWFkMDRlZTE3ZDk3MmRjYmMxNjQ4MjY4OGIyNDIwODE2ODM2YWYzNWMyMzI3ZjUx,,,,300022348
300044601,Snowboard Ski Tool Toko Base File Radial,Radial file for working on ski and snowboard bases. For good material removal.,15.26,Toko|skigear|100200|snow,/medias/?context=bWFzdGVyfGltYWdlc3wyNTAzfGltYWdlL2pwZWd8YVcxaFoyVnpMMmhoTUM5b09HVXZPRGM1TmpZMU9UQTRPVFF6T0M1cWNHY3xhNzUxYmExYzNmMGRjMzNlMWNhYmRhYzM4YzljOTE0ZmM0MzBjNzA0Y2JjMDM1MTRiNDU2NDk4ZTY1YzBhMzFj,,,,300044601
300044617,Shades Anon Convict black fade grey gradient,Anon Convict sunglasses in a black fade frame with grey gradient lenses. The Convict offers a medium fit with medium coverage.,67.96,Anon|sunglasses|210100,/medias/?context=bWFzdGVyfGltYWdlc3wxNzUzfGltYWdlL2pwZWd8YVcxaFoyVnpMMmhtWlM5b1pqSXZPRGM1TmpZMU9URTFORGszTkM1cWNHY3xiZGRjN2EzNTc1ZjhjMWJkZDNiNGMzNjlmZDVhYmRhYWU5ZGJhOWQxZjFkMWYxMDEzYjllMTQwNGNkYzg0ZDgz,,,,300044617
300044624,Shades Anon Allie brown tortoise brown,Anon built the Allie Sunglasses to last. They combined stainless steel hinges durable acetate frames and scratch-resistant lenses to ensure they can take hard use.,67.96,Anon|sunglasses|210100,/medias/?context=bWFzdGVyfGltYWdlc3wxODE3fGltYWdlL2pwZWd8YVcxaFoyVnpMMmczWlM5b05HTXZPRGM1TmpZMU9USTROakEwTmk1cWNHY3xhMDE4YTcwYjAzMjZlOGM0NThmYzY3N2RiMTlhNmY4ZGM3ODFjMmM4M2FiMzljZGYyY2NmYWMxYTNjNTQ5YjJh,,,,300044624
300046522,Surf Book Periplus AC+Ion Guides Surfing Australia,<p>This Surfing Guide takes you to the best surf spots in down under. Fantastic pictures reveal the best places and tell you which beachs and surfs in Australia you definitely should not miss.</p>,33.96,Periplus AC+Ion Guides|guides,/medias/?context=bWFzdGVyfGltYWdlc3wzMzcyfGltYWdlL2pwZWd8YVcxaFoyVnpMMmd6TXk5b09ESXZPRGM1TmpZMU9UVTBPREU1TUM1cWNHY3w1YzNkODBkZmNiODM3OTY5OWM2YzQwNmVlNjYwZGNhNmU0M2NkNjc0OWRjNTI5NDQwMjQwMWZlNjA1MGI0NGZj,,,,300046522
300046587,Shades Fox The Condition polished black grey,Back in action for 07 The Condition brings slick aesthetics and a comfortable fit. <br>Features like the lighweight stress resistant O-Matter Frame with intergrated hinges and metal Fox Head accents.,84.96,Fox|sunglasses|240100,/medias/?context=bWFzdGVyfGltYWdlc3wxNDgyfGltYWdlL2pwZWd8YVcxaFoyVnpMMmc0T0M5b05ERXZPRGM1TmpZMU9UWXhNemN5Tmk1cWNHY3xjMTBiNDJiNTgwYTExYWFhNjU2YzE5OWVjZTU3ZTgzMGZkZDYwOTM1NTJlMWEyMzJjMjY5OTIwNWNkYzY5ZmIx,,,,300046587
300051511,Cap Rip Curl D Cap vetiver,Adjustable trucker cap with front skulls print and rear horror logo stitching.,40.63,Rip Curl|caps,/medias/?context=bWFzdGVyfGltYWdlc3wyNDM4fGltYWdlL2pwZWd8YVcxaFoyVnpMMmcwTXk5b1lUTXZPRGM1TmpZMk1EQTNNalEzT0M1cWNHY3w5ZjhjNGZjMGI2YTIyZGEyMzNmZTUzZDE3NzhiMTI0YzZhMWVlYjEyMzE0NzM4MmFhNzY5YTc1NzIzYjdlM2Qx,,,,300051511
35099,Slip On Vans Classic Slip On black/formula one checker 10.0,The Ferrari in the slip on world in a cool Formula 1 checkered pattern. with waffle rubber sole for grip and Canvas upper.,50.96,Vans|shoes|230000,/medias/?context=bWFzdGVyfGltYWdlc3wyMTc2fGltYWdlL2pwZWd8YVcxaFoyVnpMMmhoTWk5b1pURXZPRGM1TmpZMk5ERXpOVGN4TUM1cWNHY3w0NTY0NDBlNTY0NmNjM2FhNTA4OTQwNzBjZWZmMmNmNWI5YjdkZmI0ZmMzODQxOTBkM2QxYTdkZGJiNzY4OWQ4,,,,M18729_B
300147490,T-Shirt Men Playboard Skull SS black S,T shirt with playboard skull logo on chest,26.68,Playboard|shirts,/medias/?context=bWFzdGVyfGltYWdlc3wyNjQzfGltYWdlL2pwZWd8YVcxaFoyVnpMMmczT1M5b01HSXZPRGM1TmpZMk5ESXdNVEkwTmk1cWNHY3w0NGY0ZWU2YTQ1YTQxZGFjNzExMmJjODhkYzYzOTRmODY2MDJiYjcxNjhhMTdiZDEyOWMzM2ZjMzI4NzIzOThl,,,,M25687
300020465,Protector Dainese Waistcoat S7 black/silver M,,126.61,Dainese|shirts,/medias/?context=bWFzdGVyfGltYWdlc3wyMzU4fGltYWdlL2pwZWd8YVcxaFoyVnpMMmd6TUM5b09XUXZPRGM1TmpZMk5ETXpNak14T0M1cWNHY3wyOTkwOThkMDE1ODY2ZDk5NGRiMzRjZDdlNDBhNjZjNjJmYjgzZmE1Y2JjNWJjMThhZTI0YjE5OTViYTM3MTUx,,,,M27160_B
300026672,Sneakers Vans Old Skool black/white 10.0,Classic Vans Old Skool in a black colourway.,59.46,Vans|shoes,/medias/?context=bWFzdGVyfGltYWdlc3wxOTQ2fGltYWdlL2pwZWd8YVcxaFoyVnpMMmc1WVM5b05ESXZPRGM1TmpZMk5ETTVOemcxTkM1cWNHY3w2NDdlNzE1ZjI2NWNlOTQ4OWVkYzgxM2QyYTVjNTg5Mzk5NjY3MTc3YjE5YmQ5ZDU1ZmRiZTk2MWRkNDUyYTYw,,,,M28323_B
300040585,Protector Dainese Shield 8 Evo white L,DAINESE SHIELD 8 EVO<br>  ergonomic back protector<br>  <br>  FEATURES:<br>  + 8-plate Shield back protector<br>  + soft paddings<br>  + ultra-breathable Bubble internal fabric<br>  + lumbar belt with double strap<br>  + removeable braces,75.61,Dainese|shirts,/medias/?context=bWFzdGVyfGltYWdlc3wzMzIxfGltYWdlL2pwZWd8YVcxaFoyVnpMMmcxTnk5b1lUSXZPRGM1TmpZMk5EVXlPRGt5Tmk1cWNHY3w5YjkwNjdjMzMxMDVhNDIxYjUxZmRmODA0ODhjZmU1ODI4ODllNGRlMzdhNDA1OTZiOTZhNzVjNTk2YzZjNGRm,,,,M32946_B
300060389,Snowboard Binding F2-FTWO Mondo LT black L,Beginners and occasional riders will find the Mondo LT to be an extremly robust and high quality binding.,101.11,F2-FTWO|shoes|50100|snow,/medias/?context=bWFzdGVyfGltYWdlc3wyNzc5fGltYWdlL2pwZWd8YVcxaFoyVnpMMmhpWWk5b09EUXZPRGM1TmpZMk5EVTVORFEyTWk1cWNHY3xiM2ViZDgzY2JiMzYzNDFhMWU0MGRiNGQ0NTk0NWEwMjY0ZDY1MTk3ZGE2MDk1ZjdmMjk2NjMzMDZjYWI1NWJk,,,,M33307_B
300062456,Helmet Women TSG Lotus Graphic Designs wms Butterfly LXL,The Lotus from TSG! One for the Ladies:,67.96,TSG|helmet,/medias/?context=bWFzdGVyfGltYWdlc3wyNTk5fGltYWdlL2pwZWd8YVcxaFoyVnpMMmcyTXk5b1pXTXZPRGM1TmpZMk5EWTFPVGs1T0M1cWNHY3wxOThhNDI0MjE1MTQyNjUzYzNjZTUyYzFiYzc5Yjk0NjYwNzIxNWU4Nzk3NTkxNzE5ZmIzMWQwZDZiNzA5MzMx,,,,M33477_B
300060401,Protector Pro Tec IPS Back Pads black/red XL,,46.71,Pro Tec|skigear|70200|snow,/medias/?context=bWFzdGVyfGltYWdlc3wzMTc1fGltYWdlL2pwZWd8YVcxaFoyVnpMMmd6TlM5b05qQXZPRGM1TmpZMk5EY3lOVFV6TkM1cWNHY3wxOGU1NDUyOGU5MGFiNTk0Yzc5Y2RiMDE0MzkyYzk3Njk3MGJjMTE4NWZjNzZiZDY2ZWNhNWMxZDMyYjc0Y2Ex,,,,M34130_B
300067366,T-Shirt Men Playboard Raster SS black L,Classic Playboard print tshirt. 100% cotton.,26.68,Playboard|shirts,/medias/?context=bWFzdGVyfGltYWdlc3wyNTYwfGltYWdlL2pwZWd8YVcxaFoyVnpMMmd4TkM5b01XVXZPRGM1TmpZMk5Ea3lNakUwTWk1cWNHY3xiMTVkNTI3N2Q1YTM5OTg1YWZjZTAzNzIyYjQ1NWNhODAzYzc0MzRlNTYzYjdmMzYzYmQ2YjIyZjllYzQ2ZWNk,,,,M34704
300046036,T-Shirt Men Playboard Flower SS black L,Classic t-shirt from Playboard with front print,26.68,Playboard|shirts,/medias/?context=bWFzdGVyfGltYWdlc3wzMDAyfGltYWdlL2pwZWd8YVcxaFoyVnpMMmhrT0M5b1l6TXZPRGM1TmpZMk5UQTFNekl4TkM1cWNHY3w1MDYzODAwYzdjYmQ0NTc4YTk5ODUwNTY2NjRlMTY1M2U3MTA1YWE4NWJhODBmNTdiNGNiMjlmOTA5NThiZjQ0,,,,M34705_B
300052678,T-Shirt Men Playboard Logo Tee red S,T-Shirt from Playboard with logo front print.,26.68,Playboard|shirts,/medias/?context=bWFzdGVyfGltYWdlc3wzNzU0fGltYWdlL2pwZWd8YVcxaFoyVnpMMmcwTnk5b016Y3ZPRGM1TmpZMk5URXhPRGMxTUM1cWNHY3w5NmRmOTI0MWVkN2JjZjIxNWE2OGI4YTM1MTc4YjhkMGZjMWQ1MmMyNTUxODgxZTlhYjkzNjZjN2UwMGQ1ZDZh,,,,M35364
300460184,Last Mission Jacket snapper L,,64.76,190100|snow|Quiksilver,/medias/?context=bWFzdGVyfGltYWdlc3w0OTk2fGltYWdlL2pwZWd8YVcxaFoyVnpMMmczWmk5b05UZ3ZPRGM1TmpZNE1UWTVPVE0xT0M1cWNHY3w3YzNlMWZmN2M0NTc1M2EyNTVhYzQ2NDA5YzZkMmVkMzE3YzA5YjY3NDcxNDA5ZTUwNzdmZDBmMDMwM2ZlZGQx,,,,103410
300441355,Beacon Jacket glacier M,,101.21,190100|snow|Armada,/medias/?context=bWFzdGVyfGltYWdlc3w0NDMyfGltYWdlL2pwZWd8YVcxaFoyVnpMMmd4Tmk5b01EZ3ZPRGM1TmpZNE1qWTRNak01T0M1cWNHY3wwNDdkYjdkYzliODA2ZDI3ZjUzZjZiN2ZhM2QyZjk3ZTBmOWQ0ZTJjZmRjNGI5MTQ3ZDkyYTE1MzE0MmZkOGE4,,,,100191
300399588,Trenchtown Jacket blackout L,,113.36,190100|snow|Special Blend,/medias/?context=bWFzdGVyfGltYWdlc3wzNDU1fGltYWdlL2pwZWd8YVcxaFoyVnpMMmcwT0M5b1lUQXZPRGM1TmpZNE5UazFPVEU1T0M1cWNHY3w0NDZkYjBjOTY0MzQ4Zjg3MDQyOGM0MTc0MTI1NzJkY2Y5YzgyNzI4ZWIzNGVkNzFhYmNhYWM5MzFjMDFkYjY0,,,,94474
300410966,Andover Jacket cardinal S,,129.56,190100|snow|Burton,/medias/?context=bWFzdGVyfGltYWdlc3w0ODI5fGltYWdlL2pwZWd8YVcxaFoyVnpMMmc0T1M5b01HTXZPRGM1TmpZNE56STJPVGt4T0M1cWNHY3wyODNhYjMzOTdiYjVjNDk5ZDBjYmQxM2M3YzYwMmM0MTlmMTg2NDIwZmFhY2JiYzZiOTgyYTUyMWI3YmY4MTI2,,,,95385
300427202,Kampai Jacket black/black/dark copper L,,72.86,190100|snow|Nike 6.0,/medias/?context=bWFzdGVyfGltYWdlc3w1MTQyfGltYWdlL2pwZWd8YVcxaFoyVnpMMmhrWlM5b05EZ3ZPRGM1TmpZNE9UZzVNVE0xT0M1cWNHY3w2ZTIzZmEwZGNhNjk5M2RiYzIzNTliYzFhNWNkYWFhNWViNWM3ZWExYjIyOTM4YzEzYTI4MWNkYjUxNjA1MjQ1,,,,97602
300399418,Bender Jacket blackout L,,97.16,190100|snow|Special Blend,/medias/?context=bWFzdGVyfGltYWdlc3w0MjI0fGltYWdlL2pwZWd8YVcxaFoyVnpMMmd6WWk5b1lUWXZPRGM1TmpZNU1UVXlPVGMxT0M1cWNHY3xiY2RhYTFkZmRhOTU4ZmZkNWVlMmEzZmM3MWE4NmQ5OTk4ZDgwYTAwYTc2NmQyMmFjODAxOTQ2YjBkYjViOTAw,,,,94462
300678847,Limited Jacket deepest black L,,485.96,190100|snow|PYUA,/medias/?context=bWFzdGVyfGltYWdlc3w0MTA1fGltYWdlL2pwZWd8YVcxaFoyVnpMMmhtTUM5b01Ea3ZPRGM1TmpZNU1qZzBNRFEzT0M1cWNHY3w3ZGVhZWIxMGNjODNmMGU4NGJmYzBiMTgwYjU5OWY1YTZkNTZhZjg2ZTM4NDJhOWNiYTJlOWZiNTc4N2EwODgy,,,,132871
300423284,Custom Est 11/12 red L,,97.16,50100|snow|Burton,/medias/?context=bWFzdGVyfGltYWdlc3w1MTM1fGltYWdlL2pwZWd8YVcxaFoyVnpMMmc0WkM5b1ptVXZPRGM1Tmpjd01EY3dORGM1T0M1cWNHY3w2ZGFmNGY3MWRiNDg0Y2RmYWE3NjY0YzU0MjUyZWNmYzM0MDgyMTE3NDg4YTc4MTY5YTJkYWIyYTRjNjIxYTNl,,,,96977
300423385,Custom 11/12 red S,,101.21,50100|snow|Burton,/medias/?context=bWFzdGVyfGltYWdlc3w1MzE5fGltYWdlL2pwZWd8YVcxaFoyVnpMMmc1Wmk5b01ETXZPRGM1TmpjeE16Z3hNVGs1T0M1cWNHY3xhOWMxMjZhMmVhNDk0ZjNkM2ZkYTYwYTI2NTY0YjcxYjQ2NTllYTA1MTdiODA0NTQzODVhMTk3NDk3Zjk3NmMz,,,,96990
10176,Board Grip yellow Uni,,80.96,100200|Toko,/medias/?context=bWFzdGVyfGltYWdlc3w0Njc5fGltYWdlL2pwZWd8YVcxaFoyVnpMMmc1WXk5b01EWXZPRGM1TmpjeE5qYzJNVEV4T0M1cWNHY3w5ZWVkMGJmNGVmMDIwMGZmNGUwYjA1Mjk2YzQ5MDk2ZGIwYmQzMTkzNWU3OTYzZjU0ZTE3NGU0OTU4N2Y0MTY5,,,,7907
74036_red,DMT Diamond File red,<p> Professional quality diamond files for removing hardening and for deflashing and polishing the edges after filing. Produces a top-class finish. </p>,25.88,100200|Toko,/medias/?context=bWFzdGVyfGltYWdlc3wyOTEzfGltYWdlL2pwZWd8YVcxaFoyVnpMMmhoTXk5b05XTXZPRGM1TmpjeE56QTRPRGM1T0M1cWNHY3w3Y2ViN2NiYzg1OWMxN2U1ZWNlYzIwY2JmODc0MTQzNWQzZDIxMzM5Y2I1MDRkMDBkZDI0N2Q5ZGU5YmViNTIz,red,,,74036
13105,Repair Candle 6 mm graphite Uni,,4.01,100200|Toko,/medias/?context=bWFzdGVyfGltYWdlc3wzNDU3fGltYWdlL2pwZWd8YVcxaFoyVnpMMmd3Tmk5b04yWXZPRGM1TmpnNU5UY3pPVGt6TkM1cWNHY3w1ZTYzODA5YThkNDBhYTVhMmYyZmI0OWRjYjVjNTc1ZDkwODI0YTBmNzM1NzZkZmE3NGRkOWM3NTJiOTFlMDgw,,,,5203
21618_-,Base Brush Combi Nylon/Copper -,<p> An economical brush option of 1/2 nylon and 1/2 copper. </p>,12.92,100200|Toko,/medias/?context=bWFzdGVyfGltYWdlc3wzNjQzfGltYWdlL2pwZWd8YVcxaFoyVnpMMmd4WVM5b1ptSXZPRGM1TmpjeE9EQTNNVGd6T0M1cWNHY3xjODMwZmUyYmMxNmNmNDQxZGUzN2QwYWQzYzZlMzk1ZDQwNWIzY2FlNDhiOWQ5OTk2YmIwYzRkZDkxYTQ3M2U5,-,,,21618
135304_neutral,Thermo Cork neutral,"<p> Polishing cork for polishing rub-on, paste or liquid wax. Perfect for working with 100% fluorinated top finish products. With special felt material. </p>",4.82,100200|Toko,/medias/?context=bWFzdGVyfGltYWdlc3w0OTAwfGltYWdlL2pwZWd8YVcxaFoyVnpMMmc0WVM5b05Ea3ZPRGM1TmpjeE9ETTVPVFV4T0M1cWNHY3xjNzM4MmI1ODlhM2JkM2ZlMTM2ODdkZmYxMWNkN2M1NGI0ZDE4MjdhNTkwZDBhOTRiOWEyZTRhMWE3M2I3N2Uz,neutral,,,135304
300453356,Trace Helm black matte L,,40.46,450100|snow|Red,/medias/?context=bWFzdGVyfGltYWdlc3wzOTE2fGltYWdlL2pwZWd8YVcxaFoyVnpMMmc0WWk5b05XRXZPRGM1TmpjeE9UQTFORGczT0M1cWNHY3wwZjdhOGExMjEwYTU0MDRjYjc3MDdmNGUxMmY0N2E5NDNkNmZhNmUzNjEzZjY5OWU0ZTY5MDQyNTQ1M2U5ZjA4,,,,102277
300515779,BT Airhole Helgasons Facemask tiedie LXL,,20.21,221600|Blue Tomato,/medias/?context=bWFzdGVyfGltYWdlc3w0Nzg2fGltYWdlL2pwZWd8YVcxaFoyVnpMMmhpT0M5b01ETXZPRGM1TmpjeU9EVTFOelU1T0M1cWNHY3w3MmYxNWM3NGEzM2Y5MWMxMzc3ZWZlZDY2YjA1YzRkZDRjYmY4MzAzZGY5YmM4MWMyNjYyMmE0YTNkYzcxMjJm,,,,111160
300659388,HD Hero2 Outdoor Edition uni Uni,,283.46,222000|GoPro Cam,/medias/?context=bWFzdGVyfGltYWdlc3w1NDA2fGltYWdlL2pwZWd8YVcxaFoyVnpMMmcyTlM5b05XTXZPRGM1TmpjeU9USXhNamsxT0M1cWNHY3wzNjRkMTA4NmZkMDE3ODQ4MTVhNmU5MWJhYTMzMDVlZGQ3NGNmN2I4OGViOGE5ODEzYzExNDg4MDQ4ZmM3N2E0,,,,130663
300564391,Easy Beanie black Uni,,16.16,220500|droid,/medias/?context=bWFzdGVyfGltYWdlc3wzODAyfGltYWdlL2pwZWd8YVcxaFoyVnpMMmcyWXk5b01UY3ZPRGM1Tmpjek1URTNPVEF6T0M1cWNHY3w4ZTFmZWNjODBmOTNlNDI3ZjllYjZmZjNlOTc4YTlkMTVkMGNmNzRlOTk1YjM3MTc4OWEwZTlmOGEwNDQ0Mzc4,,,,117211
300466677,The Reservoir Beanie caribbean blue Uni,,14.54,220500|Elm,/medias/?context=bWFzdGVyfGltYWdlc3w0MTEzfGltYWdlL2pwZWd8YVcxaFoyVnpMMmd6TlM5b1pqTXZPRGM1Tmpjek5EUTFOVGd6T0M1cWNHY3xjMmFkYjQzMGMzNDJlY2Q5NTM3ZDA3Mzg3MTlkOTYzMzYwODk5NTIwMjMzYmVjNzI5YmIyOGQ1YzVmOWRjMmYz,,,,104668
300476951,The Stripee Fresh Beanie raspberry blue Uni,,26.69,220500|Landing,/medias/?context=bWFzdGVyfGltYWdlc3w2Mjc5fGltYWdlL2pwZWd8YVcxaFoyVnpMMmcxTnk5b05qQXZPRGM1Tmpjek56UXdORGsxT0M1cWNHY3w1Nzg3YzJiOTQwOTZhMTkxZjY5ZTZiZTBjMmU0NTExZTM4OTFjM2E4MjhmZjg5NWIyMzQyMTMwYzZlN2VmOTFl,,,,105979
300415712,Trope Beanie astro turf Uni,,28.31,220500|Burton,/medias/?context=bWFzdGVyfGltYWdlc3w1MTgxfGltYWdlL2pwZWd8YVcxaFoyVnpMMmcxTmk5b1lqQXZPRGM1Tmpjek9UWTVPRGN4T0M1cWNHY3xjMDY1NTc5ZTFhZDNlY2ZhZDlkMmJjMzVkYzE0ZDc4YjVmMmUyYTkzZmRlZTUyZTkwYzQyMjE1MzdmNjRiNjk0,,,,96022
300395984,The Brick Beanie haze Uni,,14.54,220500|VIVO,/medias/?context=bWFzdGVyfGltYWdlc3w0MDc4fGltYWdlL2pwZWd8YVcxaFoyVnpMMmhtWlM5b00yTXZPRGM1TmpjME1UazVNalEzT0M1cWNHY3w1NDZhZjYwMGMxOGY5MGYwYTM0MWNlZGM2MTc1ZGJkZTRmYjRhNTIwZGRmZmFmYWYwNjcyNjJlYTU1MTM0NTgz,,,,93762
300476944,The Life Beanie black Uni,,15.35,220500|Landing,/medias/?context=bWFzdGVyfGltYWdlc3wzNjMwfGltYWdlL2pwZWd8YVcxaFoyVnpMMmhoWkM5b09XWXZPRGM1TmpjME1qazNOVFV4T0M1cWNHY3w1ZjIzZjczNGJjOGIxNzQzZjY5NjZmNDMzZWUwZTA1OGMzNGUyMGJmMDVkMDA1Mzc3NDc0YWRkNTZkYzhkNDZl,,,,105977
300649655,Cascata Beanie black/red Uni,,28.31,220500|DC,/medias/?context=bWFzdGVyfGltYWdlc3w0MDM4fGltYWdlL2pwZWd8YVcxaFoyVnpMMmhtTnk5b1lqVXZPRGM1TmpjME16azFPRFUxT0M1cWNHY3xmOGU4YjE4NTczODMyMGNlMTE0ZjkxNDA3YTVhYTFkMjVkODI3M2Q1ZjVkOGYwYzFmOGE4YTVlMjY4MTYxN2Fl,,,,100988
300415739,What's Your Niner team blue Uni,,24.26,220500|Burton,/medias/?context=bWFzdGVyfGltYWdlc3w0NzQwfGltYWdlL2pwZWd8YVcxaFoyVnpMMmczTVM5b1pUa3ZPRGM1TmpjME5EazBNVFU1T0M1cWNHY3xmOTBkYTdiZTJmYjVkMDI2ZWQ2MWIyYzFiYjE3MjFhNTUwZDA5MzA1YTg2OGI0OTg4NjUxOTljMGVkODA3NjJm,,,,96026
300689173,BT Airhole Splatter Facemask black LXL,,24.26,221600|Blue Tomato,/medias/?context=bWFzdGVyfGltYWdlc3w0NDc2fGltYWdlL2pwZWd8YVcxaFoyVnpMMmcwWWk5b09Ua3ZPRGM1TmpjME5qVTNPVGs1T0M1cWNHY3xlZDE4MGQzYzQwYTk3NWUwNDA3NGJkNTc2OWY2MTJmMGQ0NWI1YTZlMTdkMTQ0N2M2ZTE2ZGY1Y2E2ZmFiNTQ5,,,,111159
300427734,Sadplant Pipe Glove black/orange M,,24.26,190700|Oakley,/medias/?context=bWFzdGVyfGltYWdlc3w1MzMwfGltYWdlL2pwZWd8YVcxaFoyVnpMMmhpWkM5b1ltTXZPRGM1TmpjME56VTJNekF6T0M1cWNHY3wzZjZiNWM3N2Q5YWUwMjY2ZGNlZjE4MGI3M2IzZmVhNDU2N2JjMDFiYzBhY2EwYzFkYjNlZDM0MTllMTYyOGVh,,,,97693
300414562,Spectre Glove day of the dead XS,,32.36,190700|Burton,/medias/?context=bWFzdGVyfGltYWdlc3w1MjIyfGltYWdlL2pwZWd8YVcxaFoyVnpMMmd3Wmk5b05tSXZPRGM1TmpjME9USXdNVFF6T0M1cWNHY3xkZTNiYjYyMGYwNDRkMjhlMjdkYzk1ZGRjYzA5MmEyMTVkZjM4YzY4ODNjYTRmNmI3ZTA5ZmU0MDQzNDRiYTI1,,,,95521
300409041,Buffer II Sock cardinal L,,20.21,221100|Burton,/medias/?context=bWFzdGVyfGltYWdlc3wzMjg4fGltYWdlL2pwZWd8YVcxaFoyVnpMMmcxTVM5b1pXSXZPRGM1TmpjMU1EZ3pPVGd6T0M1cWNHY3xhYzY2ZWYyM2VlMTBjYzg5MTc4ZjE0NDVkZjViOWYyM2IxODM5OWY4NWNiMTRmZmMyNDczZTMzNWYzYTkwZTQ1,,,,95288
300409065,Party Sock drunk hunter L,,17.78,221100|Burton,/medias/?context=bWFzdGVyfGltYWdlc3wzODg0fGltYWdlL2pwZWd8YVcxaFoyVnpMMmhpWVM5b09HRXZPRGM1TmpjMU1UZ3lNamczT0M1cWNHY3w1Zjc1YjZmZTQ3MjQ0YWJjYTcwNmUyODdhN2RmODRiYTQxYTNlYzM3NzQ1ZTA5MzgxYmU1NTA5YzY3NWQyMWI0,,,,95290
300427729,Heritage Pipe Glove white L,,36.41,190700|Oakley,/medias/?context=bWFzdGVyfGltYWdlc3w0NzM4fGltYWdlL2pwZWd8YVcxaFoyVnpMMmd4T0M5b01qY3ZPRGM1TmpjMU1qRTFNRFUxT0M1cWNHY3xjZGQyNjM1MzhmYjYwZGMyZDBhZDQzNGI2Mzc1ODgxMWIzYjYzMjlmYmM5NTVkZGNhOGQzYWM3ODlmNjJjNDcz,,,,97692
300413144,Cargo Pant astro turf dot matrix S,,97.16,190300|snow|Burton,/medias/?context=bWFzdGVyfGltYWdlc3w0MDQ5fGltYWdlL2pwZWd8YVcxaFoyVnpMMmhpTUM5b1pERXZPRGM1TmpjMU5qUXhNRE01T0M1cWNHY3w5YzFjNDYzMzI2NWY2NDI4MjhmNzFmNDFlMzk2NGNlZTNkNTdlYjNlMmUzYTczNzgxZTc4MmNmZTkzZTJmZGJm,,,,95464
300399865,Annex Pant blue me S,,97.16,190300|snow|Special Blend,/medias/?context=bWFzdGVyfGltYWdlc3wzOTUxfGltYWdlL2pwZWd8YVcxaFoyVnpMMmczWkM5b04yRXZPRGM1TmpjMk5ESTNORGN4T0M1cWNHY3xlMWJjNjJhMGNiZjMxOGZhMDI1ODQ0YmM0YzY2ZmQ4MzFkYTBiNmExM2MxNzZkMzEzYzZjODhlNmNjZDY0YjI4,,,,94491
300428254,Landen Insulated Pant medieval blue L,,89.06,190300|snow|Vans,/medias/?context=bWFzdGVyfGltYWdlc3wzODkxfGltYWdlL2pwZWd8YVcxaFoyVnpMMmhoTUM5b01XUXZPRGM1TmpjMk56VTFNVFV4T0M1cWNHY3w0ZmFkZjJlZmNiYzllMTRjOTY4MjkwODIzMTk4NGIxMDE4N2E0YTNkNDFkNzFjM2VhZGFlOTI3MmU3OTBhMjk2,,,,97788
300399834,5 Pocket Freedom Pant burnt greens M,,97.16,190300|snow|Special Blend,/medias/?context=bWFzdGVyfGltYWdlc3wzNTYyfGltYWdlL2pwZWd8YVcxaFoyVnpMMmhpT1M5b09HTXZPRGM1TmpjMk9EVXpORFUxT0M1cWNHY3xjMjEwNmE4ZmMzODFjMDA3NWQwZjJlNTA4Y2FiY2MzZjNmYzM4Y2I4NjM4YzM2ZTM4NmI0NGRhNDVkMDBiMGEz,,,,94489
300402727,Limmer Pant black S,,97.16,190300|snow|Zimtstern,/medias/?context=bWFzdGVyfGltYWdlc3wzMDgyfGltYWdlL2pwZWd8YVcxaFoyVnpMMmhoTnk5b1pHTXZPRGM1TmpjM01EZ3lPRE14T0M1cWNHY3xmM2UxZjFhNmVhZjI0MjY0MThhNjIxMjI2NGE3NDkwN2M1ZDc2M2U3OGUwNTY5M2YyNjM3ZjM0YmVjZjNmNjQ4,,,,94714
300427236,Budmo Pant black S,,80.96,190300|snow|Nike 6.0,/medias/?context=bWFzdGVyfGltYWdlc3wzMjI3fGltYWdlL2pwZWd8YVcxaFoyVnpMMmc1Wmk5b1pHTXZPRGM1TmpjM01qRXpPVEF6T0M1cWNHY3xiMmRkZTIwY2I0ZjI1ZTIxMGE3OWIzNWYyMTc4NGZhZjg3YTg0Mjk1YjE0ZmVjNjMyNTU2MzllNWIxMTViNTM3,,,,97607
300398341,Studio Pant air L,,89.06,190300|snow|Foursquare,/medias/?context=bWFzdGVyfGltYWdlc3wzOTc2fGltYWdlL2pwZWd8YVcxaFoyVnpMMmhoWXk5b016UXZPRGM1TmpjM05EUXpNamM1T0M1cWNHY3wzNzJiMWE0YjUwNGI3ZTE0ZGMwOWM4MzM1MjgwZDA4NDkwMDE1YTFjNjA0YTYwYzZiOTEzMjEzZTBkNzlmZjhk,,,,94374
300441900,Machete 158 11/12 uni 158.0,,275.36,10100|snow|Ride,/medias/?context=bWFzdGVyfGltYWdlc3wzNTE2fGltYWdlL2pwZWd8YVcxaFoyVnpMMmcwTWk5b09EUXZPRGM1TmpjM05EYzJNRFEzT0M1cWNHY3w3NDQ5NWRhNmNjMDIwNTg2YzZjZWU2ODg3NTZlMGEwMjIzYzdiNjQ4NjU1M2JiZjg0MDNkOGI1ODlhMTBmZTBm,,,,100378
300515235,Team 153 11/12 uni 153.0,,178.16,10100|snow|Aesthetiker,/medias/?context=bWFzdGVyfGltYWdlc3w0OTk5fGltYWdlL2pwZWd8YVcxaFoyVnpMMmd3WXk5b01qTXZPRGM1TmpjM05UQTRPREUxT0M1cWNHY3xmN2VmYmRiNmM3MmU3M2EyYWEyZWVjMzgxNjVmN2FjNWRiZTI4Zjk1ZmUxYjQxM2NlZmRkZmY0YzJiN2VmNWFk,,,,110839
300447989,Tone 153 11/12 multi 153.0,,226.76,10100|snow|DC,/medias/?context=bWFzdGVyfGltYWdlc3w0NDYyfGltYWdlL2pwZWd8YVcxaFoyVnpMMmd3TWk5b01tVXZPRGM1TmpjM05UUXhOVGd6T0M1cWNHY3xhY2IzNjAwNGYwOTE1YThiNDkyMGJmZGMyYmMyNzRmOTUxNzY1ZThlZGY2MWI0MzFmNzM2NDkyYjgxMDBkMTEy,,,,101580
300564864,X8CH 154.5 11/12 uni 154.5,,307.76,10100|snow|Burton,/medias/?context=bWFzdGVyfGltYWdlc3wzMzg5fGltYWdlL2pwZWd8YVcxaFoyVnpMMmc1TXk5b01qRXZPRGM1TmpjM05UYzBNelV4T0M1cWNHY3w2YTk1OTdkZjVhZTk1MzBmNWUzMTVkYjE4OWM5OWE0NTRkMGI1MTYyOTJmYjk4NmU4YWM4ZDRmZGUwNzRkOGY2,,,,117452
300423664,Monkeywrench 157 11/12 uni 154.0,,259.16,10100|snow|Burton,/medias/?context=bWFzdGVyfGltYWdlc3w0MzM1fGltYWdlL2pwZWd8YVcxaFoyVnpMMmc0T1M5b00yUXZPRGM1TmpjM05qQTNNVEU1T0M1cWNHY3wxODQwM2RiMTk0NDY1MWQ1YmExN2NjZjljOWMzZDg1NWUxNDc0MzRlMzRmMzdmNjQwYzJmMzU2MWVhNTQzZDI0,,,,97199
300494175,Respect 164 11/12 uni 168.0,,291.56,10100|snow|F2-FTWO,/medias/?context=bWFzdGVyfGltYWdlc3wzNjcwfGltYWdlL2pwZWd8YVcxaFoyVnpMMmcyT0M5b1pEUXZPRGM1TmpjM05qTTVPRGczT0M1cWNHY3w3MGQ1YTM2OGNmZGQ4MmU1ZDM1ZmZmOWVkMTg0ZDMzYzE4MmE2MDY0ZGViNDE3Y2JjMDZkMTAwNDAyYWU3ODk4,,,,108295
300423718,Twc Standard 156W 11/12 uni 156.0,,161.96,10100|snow|Burton,/medias/?context=bWFzdGVyfGltYWdlc3w0MTE0fGltYWdlL2pwZWd8YVcxaFoyVnpMMmhqTnk5b09EZ3ZPRGM1TmpjM05qY3lOalUxT0M1cWNHY3wyNDI0NzIyZDM0MzM0NGEwOGNkMjFiZDk3MGRmODVjNTk2M2U3NzIwNWJkNDAyZjY1NmYxM2ZlM2JiMDQzYWQy,,,,97252
300410407,Sludge Jacket youth argon cloud camo XL,,68.81,330100|snow|kids|Burton,/medias/?context=bWFzdGVyfGltYWdlc3w2MDYzfGltYWdlL2pwZWd8YVcxaFoyVnpMMmd6WkM5b01qY3ZPRGM1TmpjM09UQXlNRE14T0M1cWNHY3w0OTIyYWI2OGViOTYwZjRiMmM4ZjRmNGZjNGU0MmI3OWExMGNjNWYwZGI2YjU2YTdjNjJiMzM4YWEzYzkwMDE4,,,,95361
300453455,Tracker Insulated Jacket Youth asteroid plaid L,,97.16,330100|snow|kids|Volcom,/medias/?context=bWFzdGVyfGltYWdlc3w1MDcxfGltYWdlL2pwZWd8YVcxaFoyVnpMMmczWXk5b01UUXZPRGM1TmpjNE1ETXpNVEF6T0M1cWNHY3xkMmI5N2VlNzUzM2FmNDI3Zjk4MWQ2MDEyZjk3ZDAzM2VjYWRhNmFjNjc2NWZhZmI3YjFiMGUwYTRlZGY4MWY0,,,,102284
300438589,Mannual Bricks Insulated Jacket youth kelly XL,,68.81,330100|snow|kids|686,/medias/?context=bWFzdGVyfGltYWdlc3w1NTU1fGltYWdlL2pwZWd8YVcxaFoyVnpMMmd6TkM5b09EZ3ZPRGM1TmpjNE1qazFNalEzT0M1cWNHY3xmODE5OGMwMmRlNGMwNmFlMzBlNjZlZDIzZjllNjZlODFhYjM3YTFjZDExOTc4MTJiODllMzU2Y2JkZjdlZjZm,,,,99063
300410252,Amped Jacket youth mascot trippleo S,,52.61,330100|snow|kids|Burton,/medias/?context=bWFzdGVyfGltYWdlc3w1OTYyfGltYWdlL2pwZWd8YVcxaFoyVnpMMmczWWk5b05ERXZPRGM1TmpjNE5ESTJNekU1T0M1cWNHY3xjY2NlYWU4NzY3NjEyMGQxNzUyOTAwYmM2M2YyYjNlNmQ3OTE3NjdlNDI0YTI1MWFmNDM1MWVlNjYwNDgyNzJk,,,,95353
300410520,Minishred Illusion 1 Piece yth honeydew S,,80.96,330100|snow|kids|Burton,/medias/?context=bWFzdGVyfGltYWdlc3wzMTc3fGltYWdlL2pwZWd8YVcxaFoyVnpMMmc0WkM5b1kySXZPRGM1TmpjNE5qSXlPVEkzT0M1cWNHY3w1NWVlMzVkYmM5Yzk2NjcwNjYwZWEyMmRkOTU0OGQyYzc0M2I3MTFjNmFlYzA4ODUzNDBkYmY5MjgyOGQxOTAx,,,,95366
300410535,Minishred Melody Jacket youth honeydew M,,52.61,330100|snow|kids|Burton,/medias/?context=bWFzdGVyfGltYWdlc3w0MjQzfGltYWdlL2pwZWd8YVcxaFoyVnpMMmd5TUM5b1pHWXZPRGM1TmpjNE9ERTVOVE0xT0M1cWNHY3wwOWFiYjkyNDhiMWQ5ZWQxZjk5Y2IxYzY5YjgwNTA1ZjM5OTgyYmNlNzM3YWFmYmU0MjAxMjA4ZjE4YzMyNDI1,,,,95367
300405281,Mira Twill Jacket youth brown M,,137.66,330100|snow|kids|Zimtstern,/medias/?context=bWFzdGVyfGltYWdlc3w0NDAxfGltYWdlL2pwZWd8YVcxaFoyVnpMMmc1TlM5b1pEY3ZPRGM1TmpjNE9UVXdOakEzT0M1cWNHY3w4MjIxNTIyZmMwNWFjN2U5NTQ3Y2FhNTVhYjc3OWNmMGIxZjVkZjc5M2NiYjVmOWQ4ZjI0MDUwMmZmYTY5MmFi,,,,94942
300491715,Score Mini Stripe Jacket youth black mini stripe M,,97.16,330100|snow|kids|Sessions,/medias/?context=bWFzdGVyfGltYWdlc3w1MDgxfGltYWdlL2pwZWd8YVcxaFoyVnpMMmczTWk5b1lqVXZPRGM1TmpjNU1ERTJNVFF6T0M1cWNHY3xkZmI2OGIxZWZkNjE0YTBiMTc3MzBjNzVlZGUxZDc0MmQ5MzhhZDUxYWJmZjQ5YzllZDA3MzIyNTMzNjFhZWRh,,,,107728
300412843,Sweetheart Pant youth amethyst L,,44.51,330700|snow|kids|Burton,/medias/?context=bWFzdGVyfGltYWdlc3wzNDI2fGltYWdlL2pwZWd8YVcxaFoyVnpMMmczWVM5b05XWXZPRGM1TmpjNU5EQTVNelU1T0M1cWNHY3w4ZTBiNDI1NTM5YWIyYmE1Y2Y0OTFmZWQwNmNhMzMyNDA4NTAwYTJjZTEwOGI0NjkxZWQ2YTkxMmJlNzRjNWFl,,,,95453
300321391,Fornax Pant Insulated youth black L,,32.36,330700|snow|kids|Horsefeathers,/medias/?context=bWFzdGVyfGltYWdlc3wzMjcyfGltYWdlL2pwZWd8YVcxaFoyVnpMMmcwTVM5b1l6UXZPRGM1TmpjNU56QTBNamN4T0M1cWNHY3xiMDVhMjUyNmExYjM5MzllOTZhYWE1NDBmZjBlZmU3YjFjOTg4NjRhOTRkZjk5NTVmY2NkMDg2NjQyNzU4ZjAx,,,,81252
300438085,Plan B Youth Pant peach M,,56.66,330700|snow|kids|Quiksilver,/medias/?context=bWFzdGVyfGltYWdlc3wzOTM5fGltYWdlL2pwZWd8YVcxaFoyVnpMMmcyTkM5b09URXZPRGM1TmpjNU9EQXlOVGMxT0M1cWNHY3xjMWM3MzMwZWE1YzU4YWY3Y2FiMWMwYWI3MDYzMzEwNjYzMWYwODE5ZTFiZTI0ZjY1YTBkZjI0ZTA1OWZkY2Q2,,,,98913
300192012,Sweetart Pant youth lemonhead jumanji M,,44.51,330700|snow|kids|Burton,/medias/?context=bWFzdGVyfGltYWdlc3w0NzIzfGltYWdlL2pwZWd8YVcxaFoyVnpMMmczTUM5b1kyWXZPRGM1TmpjNU9EWTRNVEV4T0M1cWNHY3w2ZTBiNDM0YmQyODNkMGUzYjUzYzZhY2ZmMDc4MjdmYzNiODRhZjU1OTY5YzljNDJlNWU1YTQ1YjI0ZDUzNTg0,,,,62001
300673824,Tassara Pants Girls Youth berry XL,,80.96,330700|snow|kids|Orage,/medias/?context=bWFzdGVyfGltYWdlc3wzNzE0fGltYWdlL2pwZWd8YVcxaFoyVnpMMmc1Wmk5b016WXZPRGM1TmpjNU9UTXpOalEzT0M1cWNHY3xkZTUxMjMzMTJiOTM2MmNkZjU5Y2M3YzE5ZmE1MDhjODFjZTEyNDQ3NTViNjg5YzMyMWYwYjE5MzEyNDk3NmYy,,,,132042
300438055,Tarzo Pants youth blue L,,56.66,330700|snow|kids|Orage,/medias/?context=bWFzdGVyfGltYWdlc3w0MjU1fGltYWdlL2pwZWd8YVcxaFoyVnpMMmd3TlM5b01qZ3ZPRGM1TmpjNU9UazVNVGd6T0M1cWNHY3w3ODI4Njk0NGM3ZmJkNjNjZDgyNjJkODE2MDVjY2ZhMmY3NzYyZTlkNWIzYTA3Njc3MTZlZWZhYWQwMDY5NmE0,,,,98908
300412632,Twc Such A Deal Pant youth biking red textur plaid L,,56.66,330700|snow|kids|Burton,/medias/?context=bWFzdGVyfGltYWdlc3w0MjU5fGltYWdlL2pwZWd8YVcxaFoyVnpMMmhsWlM5b09EUXZPRGM1Tmpnd016STJPRFl6T0M1cWNHY3w5YzUxMTI4ZDM5MDM3MzlkNDQxMmMwMzE4YWNkMTE1NGQ1NWFmNGNjZjI5MmFhM2VhMTQyYTk4YTAxZjc2NTU2,,,,95446
300438775,Iconic Jacket Women shadow purple XS,,64.76,200100|snow|Volcom,/medias/?context=bWFzdGVyfGltYWdlc3w0NjgyfGltYWdlL2pwZWd8YVcxaFoyVnpMMmcwT1M5b09ESXZPRGM1Tmpnd056VXlPRFEzT0M1cWNHY3xiMDU2MzUzNjc1MWQ1MGRiMWJmODM3ZmU4NjUxY2FiOGVkYWI3NmQ2OWMyYmE4ZmFhM2JhNjU3NTNmNWYwZTA2,,,,99145
300412383,Tabloid Jacket Women academy L,,105.26,200100|snow|Burton,/medias/?context=bWFzdGVyfGltYWdlc3w0MTQ2fGltYWdlL2pwZWd8YVcxaFoyVnpMMmhsTVM5b09Ua3ZPRGM1TmpneE1qRXhOVGs1T0M1cWNHY3w2ZTBjNWU4NTc3ZGUwZGI5N2ZjYjgzNzYzNDQ5NDdhOTkzZmI3YThhZDJlZjE3NDU1N2JmZTU1YzdmMjA1ZWQz,,,,95437
300412425,Theory Jacket Women true black L,,89.06,200100|snow|Burton,/medias/?context=bWFzdGVyfGltYWdlc3wzOTcwfGltYWdlL2pwZWd8YVcxaFoyVnpMMmhpTkM5b01XRXZPRGM1TmpneE5qQTBPREUxT0M1cWNHY3w0NDNjMTYxYTFlZTJiZDg4MDA0YzU4N2Q1MzcwMmZmMWZmMDAyMDg2NWFlZTUxOWU5ZWI3YzhjNzc0YjhmN2Vm,,,,95438
300438781,Arc Jacket Women black M,,105.26,200100|snow|Volcom,/medias/?context=bWFzdGVyfGltYWdlc3wzNzQzfGltYWdlL2pwZWd8YVcxaFoyVnpMMmhoTkM5b09USXZPRGM1TmpneU1UazBOak01T0M1cWNHY3w2Mjg1NmJjYzU2M2MzZGQ4MTc0ZGQzNzIxOGE1ZmFmYzVmOGQxMGY4YTIzMGM1ZTVjYjMxNWUwMmM3YmEzMzJl,,,,99146
300459760,Kelly Jacket Women black L,,80.96,200100|snow|WLD,/medias/?context=bWFzdGVyfGltYWdlc3wzOTczfGltYWdlL2pwZWd8YVcxaFoyVnpMMmhtTWk5b056UXZPRGM1TmpneU5EVTJOemd6T0M1cWNHY3w1NzIxNGMzODk5NmQ0YmUyMmVkNDM0ZTkxM2YxMmRmNDM0ZTljN2ZhNjBlNDI3NmNjM2NlYmRlZDE5YWQ1Y2M4,,,,103335
300412017,Dandridge Down Jacket Women lady luck groupie plaid L,,113.36,200100|snow|Burton,/medias/?context=bWFzdGVyfGltYWdlc3w0NjE4fGltYWdlL2pwZWd8YVcxaFoyVnpMMmd3WVM5b056Y3ZPRGM1TmpneU5qVXpNemt4T0M1cWNHY3xjOTA5OTNmMTAzNTg4MDcyZDk4NTRkZGZmZTFkOTdhZDgxMGEwYzBjNDM1ZDZhMzhiOTE2NjkzNTMyM2U5ZGM0,,,,95424
300412202,Method Jacket Women aloe L,,97.16,200100|snow|Burton,/medias/?context=bWFzdGVyfGltYWdlc3wzNzk1fGltYWdlL2pwZWd8YVcxaFoyVnpMMmhtT1M5b01XVXZPRGM1TmpneU9EUTVPVGs1T0M1cWNHY3w4N2YxNTYzODRiZDk5MDgxZDc0YzNmMGYzNzc2NjAyZTQ2NGFmYmFjZjFmMTA3YzUxMDdmMzA3NmMyZjRkOGNm,,,,95430
300412518,Aster Jacket Women hex M,,145.76,200100|snow|Burton,/medias/?context=bWFzdGVyfGltYWdlc3w0NDM0fGltYWdlL2pwZWd8YVcxaFoyVnpMMmcyT1M5b01UQXZPRGM1Tmpnek16YzBNamczT0M1cWNHY3w4Yjk4Y2RhMGY4ODhkYWZlMzg4OWRlZTQxYjIzYmE3NzViMWFmMGVlMTljZDhjNGU2MWU2MmRhZmJhYzNhOTdk,,,,95441
300414005,Lucky Pant Women aloe L,,105.26,200300|snow|Burton,/medias/?context=bWFzdGVyfGltYWdlc3wzNDc1fGltYWdlL2pwZWd8YVcxaFoyVnpMMmhtWlM5b1lqTXZPRGM1Tmpnek9ETXpNRE01T0M1cWNHY3wzYTk5OGYwYmNiNzgwMmExNzM2ODEzYjIwYThlY2UxMDkwNjE4ZjMzZWEzYzYxYWU2YTczMmM4NGM5OGRhN2Ew,,,,95490
300413759,Twc Honey Buns Pant Women bright white floral melt S,,89.06,200300|snow|Burton,/medias/?context=bWFzdGVyfGltYWdlc3w0NzE1fGltYWdlL2pwZWd8YVcxaFoyVnpMMmd3WkM5b1l6RXZPRGM1TmpnME5UZzJOekF6T0M1cWNHY3w4ZWJkNDQ1M2ExZDIwNTI3ZDNhMDFlYWZkMmQzNTFkNjBlOGMwNmEzOWNhZjIzYzEzZWY5NTE3NzhiNWNlMGIx,,,,95482
300438824,Twain Pant Women peacock M,,97.16,200300|snow|Volcom,/medias/?context=bWFzdGVyfGltYWdlc3wzODAyfGltYWdlL2pwZWd8YVcxaFoyVnpMMmd5TlM5b1l6TXZPRGM1TmpnME56Z3pNekV4T0M1cWNHY3w4YWIxZTMwMWZhYWJjNDkzZTU4YTdkYmFmOTI3MDM4YmZkMTZlN2FjNGYwYTdlZjFlN2E1ZTI4ZmMwNTkyZWU4,,,,99154
300398572,Strut Pant Women blacktop M,,80.96,200300|snow|Foursquare,/medias/?context=bWFzdGVyfGltYWdlc3wzMjQ4fGltYWdlL2pwZWd8YVcxaFoyVnpMMmcxTUM5b01UQXZPRGM1TmpnME9EUTRPRFEzT0M1cWNHY3xiMjA3MGNjNDlmNzY2YzRiNTNmNWU5NWEwZWYwZDRmOTU0YzczN2NiNzJkYWU0ZTYxYWNlM2I3NjY4MjI0NmJj,,,,94382
300413785,Basis Pant Women defender L,,113.36,200300|snow|Burton,/medias/?context=bWFzdGVyfGltYWdlc3wzNzA2fGltYWdlL2pwZWd8YVcxaFoyVnpMMmd6WkM5b05HWXZPRGM1TmpnMU1UUXpOelU1T0M1cWNHY3w5YTc1MmI4NjY1ZjZmMzMyZGQ2MzM5MGJjZGI0YmQzNWFlNDllZmY4NWI2MWYyNTJlMDQxNDk5MDIxZmJkM2U5,,,,95484
300442964,Ace Straight Pant Women pool green L,,89.06,200300|snow|DC,/medias/?context=bWFzdGVyfGltYWdlc3wzNzA2fGltYWdlL2pwZWd8YVcxaFoyVnpMMmhpWmk5b01ERXZPRGM1TmpnMU16Y3pNVE0xT0M1cWNHY3wyYmRjNjA5NDVmMmRjYWI3YWQ0MjMwYTlkNWM4Yjg1YTU3OTVkNDNjNmM0OGRjOTA4YzlmZGE4N2Q3ZjE4NWMy,,,,100744
300442975,Anzere Pant Women floging pink XS,,113.36,200300|snow|DC,/medias/?context=bWFzdGVyfGltYWdlc3wzNzc2fGltYWdlL2pwZWd8YVcxaFoyVnpMMmd5Tnk5b1lXSXZPRGM1TmpnMU5qQXlOVEV4T0M1cWNHY3xmNDllMTUxOTliZGE3MjE2OTE0ZmEwNWE1YWNjOGNkNjMwYzg1NGRmZGM2NWQxOTZiMDI3NGVlNzZhOTVkOGY5,,,,100746
64389_black+white_marble,The Vega Women black/white marble,<p> Flashy stretch band watch!,64.76,370700|Nixon,/medias/?context=bWFzdGVyfGltYWdlc3w0MzA2fGltYWdlL2pwZWd8YVcxaFoyVnpMMmc1TXk5b1ptVXZPRGM1TmpnMU5qWTRNRFEzT0M1cWNHY3wxZTI2N2RjNTZjNjQ0ZDFlODU0ZDMzY2ExMDQ2N2Q2NWE3N2JiYWY5MTM0Y2YxYTE2NGJmNzg3MWIyYWNjNzBk,black+white,marble,,64389
115195_shocking_pink,The Dial Women shocking pink,<p> The Nixon The Dial watch is every girl's dream!,56.66,370700|Nixon,/medias/?context=bWFzdGVyfGltYWdlc3w1Mjk0fGltYWdlL2pwZWd8YVcxaFoyVnpMMmczWlM5b1lXRXZPRGM1TmpnMU56QXdPREUxT0M1cWNHY3xjMzRlMGQ3OTRhZmI1NjJkODBiYTk4NTk4ZTgyMThmZjVhN2VlMGUzZDZhOGE3MmVjN2Y5YjlkZTRkM2Y3MDA1,shocking,pink,,115195
111114_black,Biarritz Women black,<p> Stylish watch with cool Roxy design!,80.96,370700|Roxy,/medias/?context=bWFzdGVyfGltYWdlc3w0MzgyfGltYWdlL2pwZWd8YVcxaFoyVnpMMmcwWlM5b05HTXZPRGM1TmpnMU56TXpOVGd6T0M1cWNHY3w3NmFlYjQxMjJiYzUxZTNmYWM3YTkzNGQzOWFlYmFlY2VlMDY3MGI3YTVlMDY2ZDg1YmQ3M2E4MzY3MzRjOTEz,black,,,111114
56802_dark_wood,The Chalet Women dark wood,<p> Is it a bracelet or a watch?,202.46,370700|Nixon,/medias/?context=bWFzdGVyfGltYWdlc3w0MzY4fGltYWdlL2pwZWd8YVcxaFoyVnpMMmhsTkM5b09XSXZPRGM1TmpnMU56WTJNelV4T0M1cWNHY3w3NjA2ZTBlMDEyN2Q5YmM0ZGMwNmNhOTNjN2M4MWI5NGFhZjE1ZTYzOTM5ZmE3MTkzZTI2Y2M5ZmY5MjY1YTRj,dark,wood,,56802
94063_matte_black+gold,The 51-30 matte black/gold,<p> The 51-30 by Nixon is a sporty watch for men and moreover for real water sports men!,404.96,340000|Nixon,/medias/?context=bWFzdGVyfGltYWdlc3w0OTU1fGltYWdlL2pwZWd8YVcxaFoyVnpMMmczTmk5b01HVXZPRGM1TmpnMU9EWTBOalUxT0M1cWNHY3xkNDBhZmMyYjRjMTJhNDMzZTBlYzhiODBjZmNkNjA2ZjMxMTliM2MxYTQxMTc3MzAwMzk3ZmNiYjAxOGUyMTVl,matte,black+gold,,94063
74818_sky_blue,The Rubber Re-Run sky blue,"<p> With the Rubber Re-Run from the new collection, Nixon proofs, that digital can be noble as well!",80.96,340000|Nixon,/medias/?context=bWFzdGVyfGltYWdlc3w0Nzk0fGltYWdlL2pwZWd8YVcxaFoyVnpMMmd4Wmk5b05ERXZPRGM1TmpnMU9EazNOREl6T0M1cWNHY3xjOTk4ODVmY2RlMWIyODA5Nzc1NjJiOTBmMjUyNjY3MjEyZGU3NDczMDk2MjJmOTE2YjgwMGQ5NjYxZWZhNzk1,sky,blue,,74818
300555911,The Player matte black/matte gunmeta Uni,,210.56,340000|Nixon,/medias/?context=bWFzdGVyfGltYWdlc3w0MzkzfGltYWdlL2pwZWd8YVcxaFoyVnpMMmd6Tmk5b05HRXZPRGM1TmpnMU9UTXdNVGt4T0M1cWNHY3w1ZGYwNWRjMDRkNDcxODZjNDViYTdhMmU3MjkxZDZlNWQ1YmNhYmE5YjdjNzhkMjUxNWY1MGI5NDVmOGU1NjJj,,,,115202
74825_gunship,The Sentry gunship,<p> Guards you from boredom.,129.56,340000|Nixon,/medias/?context=bWFzdGVyfGltYWdlc3w0Mjg4fGltYWdlL2pwZWd8YVcxaFoyVnpMMmhrTUM5b1lqZ3ZPRGM1TmpnMU9UWXlPVFU1T0M1cWNHY3xiYWJkNGE3NmI1OTgyMjg1ZGIxNjE4M2NhZmVlZjA0ZGY2ZGMxYzQzNmI0NTI5MTk2NDU1OTAwMGIyYzE3Y2Q1,gunship,,,74825
300047289,The Rotolog all black/white Uni,,226.76,340000|Nixon,/medias/?context=bWFzdGVyfGltYWdlc3wzOTQ2fGltYWdlL2pwZWd8YVcxaFoyVnpMMmd6WWk5b05qa3ZPRGM1TmpnMU9UazFOekkzT0M1cWNHY3w0NWJmYTg5YTk5ZTFiN2M1ZDdmZjBmMDQ0NTRiNWFmNzQ3M2E0MGU2ZjYxMzVkNmYzYmQ4NTAzNTVhZDZjODhi,,,,36265
300079332,The Sentry all black Uni,,137.66,340000|Nixon,/medias/?context=bWFzdGVyfGltYWdlc3w0NjE4fGltYWdlL2pwZWd8YVcxaFoyVnpMMmd6TXk5b1pqQXZPRGM1TmpnMk1USTJOems1T0M1cWNHY3w2MzYxNWEzNDc5NTViMDcyY2FhNzIzN2UyYjUzNDRhMGI0NWRkYmY0MTYxZTI4M2YwYjEwZjVhN2I1NGYzMzky,,,,43339
300649633,The Lodown rasta Uni,,105.26,340000|Nixon,/medias/?context=bWFzdGVyfGltYWdlc3w1NjcyfGltYWdlL2pwZWd8YVcxaFoyVnpMMmc1WkM5b1lUQXZPRGM1TmpnMk1UVTVOVFkzT0M1cWNHY3wzZTkwY2E2OTFmYjM3ODkyZmMxNmJlOWEwMTQyNDdiM2I4ZDhhYzY2MGE0Mzg0MTJkZjYyZjczYTc0MzQxOTVj,,,,129704
300028090,The Rotolog TEAK Uni,,242.96,340000|Nixon,/medias/?context=bWFzdGVyfGltYWdlc3w0MzI0fGltYWdlL2pwZWd8YVcxaFoyVnpMMmd6TWk5b01ESXZPRGM1TmpnMk1Ua3lNek0xT0M1cWNHY3xjNTA5OWZmMmUyNGQ0Yjk5M2Q5ODhkN2IxNWE3NTZiNWRhYTZmZDkzN2M4OGRmNzc0Mzk2MzZiYWVlY2I4Mzgx,,,,29160
300464995,Nightlife T-Shirt Women violet M,,64.76,260100|streetwear|Horsefeathers,/medias/?context=bWFzdGVyfGltYWdlc3wyODA0fGltYWdlL2pwZWd8YVcxaFoyVnpMMmhrTkM5b05qVXZPRGM1TmpnMk1qSTFNVEF6T0M1cWNHY3wxN2ZiNDY4ZjAzZWM0YzlkN2IyNWM1YmUwODMwZTJiNzY3NjFiYzQxYTJjNjUxYTIyYzk2ZTU2MWZhMzY3MWI1,,,,104176
300495181,Multilogo Good Looking SS Women heather grey S,,17.78,260100|streetwear|Roxy,/medias/?context=bWFzdGVyfGltYWdlc3wzNzg5fGltYWdlL2pwZWd8YVcxaFoyVnpMMmcxTlM5b01EVXZPRGM1TmprMU5UY3dOVE0zTkM1cWNHY3wwNWRjZDBhMTRlMTlkNWI1YTJiZmYxOTBiNTk0ZjFhOGNiZjMyY2E2Njc4MDljZjFjY2QwZjM2NGRjNDQ4Nzk5,,,,108803
300760752,Girl On Feather Tank Top Women coco L,,28.31,261800|streetwear|Element,/medias/?context=bWFzdGVyfGltYWdlc3wyNjUxfGltYWdlL2pwZWd8YVcxaFoyVnpMMmd6TlM5b1lUY3ZPRGM1TmpnMk5ESXhOekV4T0M1cWNHY3xkYTRiNDZmOWI2YzhiZmM2NzAwNGEyNGM2YzFlMTFiMjM4ZjQ0M2NmY2NiNDIwZWNhNzc0NWU1YTQ2NDE0NTRl,,,,143906
300589206,Shield Tee SS Women onyx L,,28.31,260100|streetwear|Vans,/medias/?context=bWFzdGVyfGltYWdlc3w0NjM1fGltYWdlL2pwZWd8YVcxaFoyVnpMMmhsWmk5b1lqSXZPRGM1TmpnMk5EVTBORGM1T0M1cWNHY3w1MjdmZjY2MmNmM2ZmNmYyYzgyMjQzMWY3Njg0ZWFlZmZhOWFkMDUwNzRkOGU2N2Y5MjNkYTY3ZTVmODdjYjI3,,,,121048
300613249,Eclipse Tee SS black L,,24.26,250100|streetwear|Billabong,/medias/?context=bWFzdGVyfGltYWdlc3w0MDA0fGltYWdlL2pwZWd8YVcxaFoyVnpMMmhqWkM5b1ltSXZPRGM1TmpnMk5qRTRNekU1T0M1cWNHY3xhMmJiY2RjOTM0YmUxMjQzOGFlZDEwYmI2MTBhNzI4MDdjMjRkODU0ZmMwNDY4NzBiNWVlYmI1NWQwZWU3NWMx,,,,122320
300737268,System Tee SS aquatic blue S,,21.83,250100|streetwear|Billabong,/medias/?context=bWFzdGVyfGltYWdlc3wzOTE5fGltYWdlL2pwZWd8YVcxaFoyVnpMMmhqTmk5b05qa3ZPRGM1TmpnM01EUTBNekF6T0M1cWNHY3xlN2RmOTVlNDA3MDlkMTYwMDUyZmNmMDAzZjdjNWIwNWJlZmY1Y2IyZmY3NjE4N2VhMjAxNmI0ZDlhNTllZjQ0,,,,122312
300613329,Because Tee SS black L,,28.31,250100|streetwear|Billabong,/medias/?context=bWFzdGVyfGltYWdlc3w0MTQ4fGltYWdlL2pwZWd8YVcxaFoyVnpMMmd5TVM5b00ySXZPRGM1TmpnM01qQTRNVFF6T0M1cWNHY3xmYTFhNjE1ZjcyMWVjM2ZiNTg3YTkzZTM5MWY5MjIxZDMyOTUwNTkyMDFjNjc0MWZhZDY0NzY4ZWMwMGNmN2Yw,,,,122333
300737578,Jackson Tee SS grey heather L,,30.74,250100|streetwear|Billabong,/medias/?context=bWFzdGVyfGltYWdlc3w0NTk0fGltYWdlL2pwZWd8YVcxaFoyVnpMMmhsTmk5b09UVXZPRGM1TmpnM016TTVNakUxT0M1cWNHY3wzMmUyYzI3NDMyZGJkM2Y3YTA1OWVkODNiZGJmMWU0MTM0MjQxOGQ5Mzg2MmM2ZjU2MDg4YWQ4NWQzM2E4YmZl,,,,122340
300615225,Solo Parenth SS black L,,22.64,250100|streetwear|Alien Workshop,/medias/?context=bWFzdGVyfGltYWdlc3w0MTc4fGltYWdlL2pwZWd8YVcxaFoyVnpMMmc1TkM5b1pUY3ZPRGM1TmpnM05UQXpNRFUxT0M1cWNHY3xjOTdhMDdjMzc2MDIzNDNmYmI3NjUwNTE0MzJhZGY4NzE2MWNhM2YzYjlmMGJlN2ZlODc3ZTQ2YjNmM2QyODcz,,,,122800
300737941,Eclipse SS youth aquatic blue XS,,18.59,270100|kids|streetwear|Billabong,/medias/?context=bWFzdGVyfGltYWdlc3wzNjk2fGltYWdlL2pwZWd8YVcxaFoyVnpMMmczWVM5b1lXSXZPRGM1TmpnM05qWTJPRGsxT0M1cWNHY3w5ODRjZjFmNDFiM2Q3NTc1YjgwYTc2YTJhMmE4MjViMDA2YWUwYWVlNzM5ZjAzMjg0NTliNGRjOTQ4M2RlZmFi,,,,122405
300738204,Skull 80 SS youth navy S,,20.21,270100|kids|streetwear|Billabong,/medias/?context=bWFzdGVyfGltYWdlc3w0MTc4fGltYWdlL2pwZWd8YVcxaFoyVnpMMmd5Tnk5b1lXRXZPRGM1TmpnM09UWXhPREEzT0M1cWNHY3xiNDA4YzI5ZTk3NDlhNmNmODg2YTZjODVhOGQxNTkxODBhZGI0MzI5NGIzZDg1YWVlNTkwZmQ5MDIxZWRhOWMz,,,,122412
300738114,Asterisk SS youth black XS,,20.21,270100|kids|streetwear|Billabong,/medias/?context=bWFzdGVyfGltYWdlc3w0MjUxfGltYWdlL2pwZWd8YVcxaFoyVnpMMmhrTXk5b1ltRXZPRGM1TmpnNE1Ea3lPRGM1T0M1cWNHY3w0Y2FkMGI4ZmNkMGU2MzNmZjE1MTYyNTdhYjk4MmFhNzQ0NzEwZGIzYTY3Y2VlOTllNjEyNDZjNDQ2NjhmOGFj,,,,122409
300738142,Thort SS youth black XS,,20.21,270100|kids|streetwear|Billabong,/medias/?context=bWFzdGVyfGltYWdlc3wzOTM3fGltYWdlL2pwZWd8YVcxaFoyVnpMMmhpTVM5b1l6TXZPRGM1TmpnNE1qVTJOekU1T0M1cWNHY3w4MGM3Nzk3NDE0ZWRlMWRlM2RlZjVhMDI3ZTIyNGJhODUxODk5MjA4ODZlZDI1Yjg5OTFlY2Y1OTMxZGExOWI4,,,,122410
300564006,Monster SS Youth Girls fuchsia/pink L,,12.92,270100|kids|streetwear|Blue Tomato,/medias/?context=bWFzdGVyfGltYWdlc3w0NTg2fGltYWdlL2pwZWd8YVcxaFoyVnpMMmd3TXk5b056SXZPRGM1TmpnNE5ESXdOVFU1T0M1cWNHY3xiMTk1MTg2N2E5YWU1ODZkOTNiNDVkYTBhMWU4ZmNjZmQ4NjE1YmQ2ZDJjMDc2ODY2N2ZjYzNjNjZmNWU1Yjg2,,,,117080
300720127,Flow Tee SS Youth bright white L,,18.59,270100|kids|streetwear|Burton,/medias/?context=bWFzdGVyfGltYWdlc3wzOTY4fGltYWdlL2pwZWd8YVcxaFoyVnpMMmcyT1M5b05qTXZPRGM1TmpnNE5EZzJNRGsxT0M1cWNHY3w5OTYzOGQwMDBkNTQ4ZmJiYWExNjgzNjBlYWQxYzJhNzk4OTUzNTRjOTgwYTg5N2E0NmNmMWI5YjE1YjJlZWZj,,,,138966
300742883,Gary Polo SS Youth lime XS,,30.74,270100|kids|streetwear|Billabong,/medias/?context=bWFzdGVyfGltYWdlc3wzNjUyfGltYWdlL2pwZWd8YVcxaFoyVnpMMmhoWVM5b09XVXZPRGM1TmpnNE5qUTVPVE0xT0M1cWNHY3xiNGM4OTM4YjlmMzM4YmE0NmM4ZmYxODEzYzhlNjk2ZDBiZWJmZWFkZjc0ODQwNjc2MDg4YmQ4MjQwYjU2Zjk4,,,,140501
300772559,Del Chaos Tee SS Youth white L,,20.21,270100|kids|streetwear|DC,/medias/?context=bWFzdGVyfGltYWdlc3w1MTg5fGltYWdlL2pwZWd8YVcxaFoyVnpMMmhtWkM5b05EVXZPRGM1TmpnNE56RTFORGN4T0M1cWNHY3w3MjcwMWE1NjE0YjViZjkxOTllY2MzMGQ1MmRiZjM5ODJiZTEzOTJkMjM3YzZkNDgxOGFhMGY2NGZhYWNiMjNm,,,,144862
300453384,Trace Grom Helm youth black L,,32.36,450200|kids|Red,/medias/?context=bWFzdGVyfGltYWdlc3wzOTQzfGltYWdlL2pwZWd8YVcxaFoyVnpMMmhsTWk5b1lqUXZPRGM1TmpnNE9UUTBPRFEzT0M1cWNHY3w5MTk5M2FhMzc1ZDJiMjMwMDNjYzk2MDUxODY1ZjA4MzY5NDczMmIzYWI2NDg1NmFhODc0ZWY2MzhhODBkYjQ5,,,,102278
300649636,The Private silver/brown Uni,,137.66,340000|Nixon,/medias/?context=bWFzdGVyfGltYWdlc3w0ODEyfGltYWdlL2pwZWd8YVcxaFoyVnpMMmhpTUM5b1pHWXZPRGM1TmpnNU1UUXhORFUxT0M1cWNHY3xkNzdjOTkzODk0NjgyMDU5NGVhMDY2ZmNlNTk0MTM2ODVjYzRlOGUzYmUwNzM0MjM3MzAxYjdiNDc5MjFjZjAy,,,,129707
96502_dark_smoke,Hawkeye Painted white dark smoke,"<p> It is the perfect combination - low profile with a penthouse view. There is nothing blocking your vision, this is the Hawkeye goggle by Anon.",72.86,210200|Anon,/medias/?context=bWFzdGVyfGltYWdlc3wzNTYzfGltYWdlL2pwZWd8YVcxaFoyVnpMMmd4WVM5b09UQXZPRGM1TmpnNU1UYzBNakl6T0M1cWNHY3wyMzUzNTE4NjY0NmE3YzViMDM5YjA0M2YwYjEyZDU2MjRjYjI4NThhMGVlMmQ4YmFlZDZiZmY2OTlhMTQ1Y2U4,dark,smoke,,96502
300415612,Fade Beanie blue 23 Uni,,24.26,220500|Burton,/medias/?context=bWFzdGVyfGltYWdlc3w0OTkyfGltYWdlL2pwZWd8YVcxaFoyVnpMMmhpWWk5b01qSXZPRGM1TmpnNU1qTTVOelU1T0M1cWNHY3xjOGRiNjc5ZjliYTY1YjBlYTZiMTdmZjZkZTM2MmVkOGE5YWY3MDFiNzQ2OWJkZjBiODRiNWFmZWI2MmMwYTRh,,,,96001
300029866,Wayne Lynch 6.3 Uni 6.3,,558.86,350100|surf|Surftech,/medias/?context=bWFzdGVyfGltYWdlc3wyNzE5fGltYWdlL2pwZWd8YVcxaFoyVnpMMmhtWkM5b1kyRXZPRGM1TmpnNU16TTRNRFl6T0M1cWNHY3w4ZDAxZTg5MjdhMjRmMTdjM2U1YWU4ZTIzOWIwZWQ3ZjhhMjY5OGRkOTVjODU0MDZiMDQwNzdhYWY4OTE5ZDNm,,,,29867
300558998,Ekeel 5.11 G/O Fish uni 5.11,,607.46,350100|surf|Al Merrick,/medias/?context=bWFzdGVyfGltYWdlc3wyMDA0fGltYWdlL2pwZWd8YVcxaFoyVnpMMmhrWXk5b05qSXZPRGM1TmpnNU16Y3dPRE14T0M1cWNHY3wwMDUxMjA0MzI1MTU0ZWYxNjNiYTRmOWEyODkyYTg2ZWNlNmQyNDU0Y2NlYzcxMWUzYWRjYWE3YWM0MmYyYzcz,,,,115754
300558999,Ekeel 6.3 G/O Fish uni 6.3,,720.86,350100|surf|Al Merrick,/medias/?context=bWFzdGVyfGltYWdlc3wyMzkwfGltYWdlL2pwZWd8YVcxaFoyVnpMMmhtTWk5b01tVXZPRGM1TmpnNU5EQXpOVGs1T0M1cWNHY3w3M2NhZmZmZDE3Yjc2YzdlODNlYzYyMDYzZDBhY2JiMTdiZDRiMWJlOWNiZjM1MjAzYjcwMzM2Yzc5MzFjMWFl,,,,115755
300393425,Spikes 44 uni 44.0,,153.86,351200|surf|Skim One,/medias/?context=bWFzdGVyfGltYWdlc3w0Mjg2fGltYWdlL2pwZWd8YVcxaFoyVnpMMmhoTXk5b01qQXZPRGM1TmpnNU5ETTJNelkzT0M1cWNHY3w5YjI4OWUzYTAyNTk4NzdmMmEyN2Q4YmZhYzViOGRjNzJlNDkwODQzMmQzNWFkMGJkYjI2MWU1ZGQzNTI2YmFl,,,,92961
300558997,MBM 6.3 FCS uni 6.3,,518.36,350100|surf|Al Merrick,/medias/?context=bWFzdGVyfGltYWdlc3wxNzY1fGltYWdlL2pwZWd8YVcxaFoyVnpMMmd6T0M5b056QXZPRGM1TmpnNU5EWTVNVE0xT0M1cWNHY3w4YjRmYjk0MTkzNTUwYzJhNWJmOTAzN2RjY2UyMjQ2NTg0YmFhZDdlMGY4MWFkZjVjNzhkNjU0MmE3ODI4ZmJm,,,,115753
300610923,Strybal Dress Women black L,,44.51,260700|streetwear|Volcom,/medias/?context=bWFzdGVyfGltYWdlc3wzNjgwfGltYWdlL2pwZWd8YVcxaFoyVnpMMmcwTkM5b1pXWXZPRGM1TmpnNU56UTNOall6T0M1cWNHY3wwNTk2ZmY2ZjU0NWMyZGMyYjc1NmE2MTFhMTg0MjE5NDIzNjI0MmY0YzhlMTdlNjBlMjE1YjhhNjNiYzJiNDZh,,,,121868
300613799,Up Country Floral Dress Women country foral L,,60.71,260700|streetwear|Quiksilver,/medias/?context=bWFzdGVyfGltYWdlc3wzNDAwfGltYWdlL2pwZWd8YVcxaFoyVnpMMmcwTXk5b1pHVXZPRGM1TmpnNU9ERXpNVGs1T0M1cWNHY3w4ZGVmY2U4ODYzZTk4MTMzZDYyZGNlZmQ3YjQ4M2I0ZjQ3NDExY2U1YjllYTdiMTZiNDRmNDJmNzU5M2I4MTdi,,,,122447
300389093,Stella Dress Women blue checked L,,40.46,260700|streetwear|667,/medias/?context=bWFzdGVyfGltYWdlc3wzODkyfGltYWdlL2pwZWd8YVcxaFoyVnpMMmhtTmk5b1lqVXZPRGM1TmpnNU9EYzROek0xT0M1cWNHY3wzNGYyNjZmMTYxZmI2NGMxOGJjZTcyMTZmYWJkOGU2MTI5ODNjZGYzYTAyMDEzMzc2NDMzOGVmMmVmNWIxYTM3,,,,83174
300389772,Stratus Dress Women seaweed L,,24.26,260700|streetwear|Hurley,/medias/?context=bWFzdGVyfGltYWdlc3wzNDEzfGltYWdlL2pwZWd8YVcxaFoyVnpMMmczTWk5b1pUa3ZPRGM1TmpnNU9UYzNNRE01T0M1cWNHY3xiODQ2ODAyMjFiMzE4MThiM2I1MzBlMWIwNzM1ZjdhNDA4YzZkZjA2MWI5NDk3NDFlZGFhNGFiODU5N2UyODdh,,,,84574
300389279,Selva Dress Women island green/pink lemonad XL,,28.31,260700|streetwear|Femipleasure,/medias/?context=bWFzdGVyfGltYWdlc3w0MDk1fGltYWdlL2pwZWd8YVcxaFoyVnpMMmhrTVM5b05EVXZPRGM1Tmprd01UY3pOalEzT0M1cWNHY3w0YjgyMThiYzI3NTAxNGQ4MTY1MWI4OTBhYWFjYTcyNzA0ODY3MmJlOTE5OTM4ZTJjNzQ0MGZjYWFiNWM5MjRk,,,,83223
300606760,Frickin Too Short 22'' black S,,40.46,250600|streetwear|Volcom,/medias/?context=bWFzdGVyfGltYWdlc3wzNzI4fGltYWdlL2pwZWd8YVcxaFoyVnpMMmhpT1M5b1pXRXZPRGM1Tmprd016TTNORGczT0M1cWNHY3w2NGJkYmM5MTI5MTU1Mzk0ZGRhNTI0YTQ5NGQ1ZTQ4NGZkNGU5ZjEyMTRmZDZlOWQyZGI4YmUxZjE1N2Q0NDJk,,,,118591
300784793,Laundry Chino Short dark grey XS,,52.61,250600|streetwear|Volcom,/medias/?context=bWFzdGVyfGltYWdlc3w0NjA0fGltYWdlL2pwZWd8YVcxaFoyVnpMMmhrTXk5b05qZ3ZPRGM1Tmprd05qTXlNems1T0M1cWNHY3xhYTM2NjFhNDkwMWFkNDc4YzU2YjA2MzFmNDg2YzEyOGQ0ZTYxNDQyMTljOGYxZWVlYjRlZDgyYzY3OTU2MzU2,,,,118603
300611663,Pledge Short black XS,,48.56,250600|streetwear|Element,/medias/?context=bWFzdGVyfGltYWdlc3w0OTM1fGltYWdlL2pwZWd8YVcxaFoyVnpMMmhtTWk5b01ESXZPRGM1Tmprd05qazNPVE0xT0M1cWNHY3wwNDEwOGQyM2ZiN2M3YWFjY2ViNTY4YjNjZjI2ZDc5ZTIzMzJhNmFjZDY2YTQ4ODUzYTIwZmM3NDNiOWVhZjJj,,,,122041
300604896,Sixo Cargo Short cool grey XS,,44.51,250600|streetwear|Nike 6.0,/medias/?context=bWFzdGVyfGltYWdlc3w0Mzg1fGltYWdlL2pwZWd8YVcxaFoyVnpMMmhoTkM5b05XUXZPRGM1Tmprd056azJNak01T0M1cWNHY3w4ZGNmMTVlY2YyM2Q0MjJlOWM4OTY5M2FiN2FmNmFlOWY2NTUwN2E5ZWRkM2UyZmQ3MmM4ZGM3MGE0ZWZkMzEy,,,,118174
300313727,Control Short gold M,,44.51,250600|streetwear|Analog,/medias/?context=bWFzdGVyfGltYWdlc3wzODAzfGltYWdlL2pwZWd8YVcxaFoyVnpMMmd3WVM5b01EVXZPRGM1Tmprd09EazBOVFF6T0M1cWNHY3wxNzhlNWIwMDMwZjg3Yjk5ZjcyYzJlZTAyNGQ0YmFhM2QyMGI1MzJiNjgxZWEzYmM4YTYwZmUzYzk2OWZiOWFk,,,,80147
300613583,Boxed Out Boardshort youth multi L,,44.51,270600|kids|streetwear|Billabong,/medias/?context=bWFzdGVyfGltYWdlc3w2NTgyfGltYWdlL2pwZWd8YVcxaFoyVnpMMmhqTWk5b01qRXZPRGM1TmpreE1ESTFOakUxT0M1cWNHY3xmODA0MTMxZDY0ZTQ0MWJmMmRlZjFhNjc4MTBhOGZiYmZkM2NiZTcwYTE2ZjliMDg2OTkyODRhMGIzZGVlYTZh,,,,122394
300608427,Maguro Print Boardshort Youth shadow grey XXS,,40.46,270600|kids|streetwear|Volcom,/medias/?context=bWFzdGVyfGltYWdlc3w2MDU5fGltYWdlL2pwZWd8YVcxaFoyVnpMMmcyTWk5b05qWXZPRGM1TmpreE1Ea3hNVFV4T0M1cWNHY3w2OGNkNGU4NTIxMzE5NWQ3ZDlhNTllY2YyZmRiN2ViYmI5YTQxYWIzNmMyMzk1Y2Q2MzI4MzhiZjQyNjkyOTli,,,,118899
300383695,Nature 19 Boardshort youth girls white M,,24.26,270600|kids|streetwear|Billabong,/medias/?context=bWFzdGVyfGltYWdlc3w1OTU4fGltYWdlL2pwZWd8YVcxaFoyVnpMMmhoWVM5b01XWXZPRGM1TmpreE1qSXlNakl6T0M1cWNHY3w2YWJiODZkMzkyNTUzYjFkMDQ4MGY5ZGMwNjcxMWU5NDllOWQwNWQxYzdmYmU2NGFkYzcyN2EyNDdiZmQ5YWY1,,,,79536
300388629,Blocked Boardshort youth quik red XL,,36.41,270600|kids|streetwear|Quiksilver,/medias/?context=bWFzdGVyfGltYWdlc3w2MTIwfGltYWdlL2pwZWd8YVcxaFoyVnpMMmc0T1M5b1lqWXZPRGM1TmpreE1qVTBPVGt4T0M1cWNHY3wyYWI3MGJhNTdlODU4MDUyZTE1YTVkNTBhNTBlMmFjYTRjMDJlNDYwZjNkYzJiNWNiMDc2ZjI0Y2Q0YzM1MTQz,,,,83025
300392196,Boardshort youth other square M,,36.41,270600|kids|streetwear|69 Slam,/medias/?context=bWFzdGVyfGltYWdlc3w1MjU5fGltYWdlL2pwZWd8YVcxaFoyVnpMMmcwT1M5b09Ua3ZPRGM1TmpreE16ZzJNRFl6T0M1cWNHY3xlYWU3MmMxZTZlMzFmODYxYmIxN2QwN2E4MTA1ZWI1ZjhjM2NiZWI5Y2E1NjMyMjJjZGI1OGVlNjQ0MDRlOTQ2,,,,92637
300742608,Alex Boardshort Youth blue L,,40.46,270600|kids|streetwear|Billabong,/medias/?context=bWFzdGVyfGltYWdlc3w2MzQzfGltYWdlL2pwZWd8YVcxaFoyVnpMMmd3TWk5b1pUQXZPRGM1TmpreE5URTNNVE0xT0M1cWNHY3xhZWVjODc3NTkzM2JlY2E4NDRjOTRlY2Q1YWY4NDdlYmQ0MWU5NWZhNDQzOTQ5NmFjYTIyNWY4YTMxNDhhYWQy,,,,140467
300742510,Supremacy Boardshort Youth blue XS,,52.61,270600|kids|streetwear|Billabong,/medias/?context=bWFzdGVyfGltYWdlc3w1MTA2fGltYWdlL2pwZWd8YVcxaFoyVnpMMmhoWXk5b05Ua3ZPRGM1TmpreE5UZ3lOamN4T0M1cWNHY3w1YzdmZGNlMTMxMDk3OTgxNjljZjdjOTMzNThmYjBkNjQ1OTgyYzBhNzQ2ZGQ3MTBkZmM5YjhhYWFkYjllZGNl,,,,140458
300611184,Forever Creedlers Women black 10.0,,24.26,400300|Volcom,/medias/?context=bWFzdGVyfGltYWdlc3w0NTQ4fGltYWdlL2pwZWd8YVcxaFoyVnpMMmhoTXk5b056VXZPRGM1TmpreE5qRTFORE01T0M1cWNHY3xiNmYxMDVkYmJjNzE5MWRiZDQ4YjlkYTIyY2QyMzhhNzJlZmFkMjYzM2IzNzNiZDYwYjU0NmUxMTU2Y2ExYzRk,,,,121939
300615118,Overlay Cushion Women zebra 10.0,,28.31,400300|Reef,/medias/?context=bWFzdGVyfGltYWdlc3w0Njk5fGltYWdlL2pwZWd8YVcxaFoyVnpMMmd6T1M5b1l6VXZPRGM1TmpreE5qUTRNakEzT0M1cWNHY3wxOTMwNWIxZDE4YmFhZjNjZjA3YmViZjViNTJmYmM0MzcwN2ZiYzgwNjJjNDg3ZjQzZjA3MmE3MWUyNDEyZmIw,,,,122784
300611196,Rocking 2 Creedlers Women leopard 10.0,,14.54,400300|Volcom,/medias/?context=bWFzdGVyfGltYWdlc3w1MDk3fGltYWdlL2pwZWd8YVcxaFoyVnpMMmhtTkM5b01USXZPRGM1TmpreE56RXpOelF6T0M1cWNHY3wxMjNlZTdmZTIxZDlkNWI5M2Q2NzA5M2ZlNzkxZDRiZTcxMmU3YjExNTM0MDZjNWM3ODliYjY0ZDdjNGQ1MDlh,,,,121941
300611202,Rocking 2 Creedlers Women mix 10.0,,14.54,400300|Volcom,/medias/?context=bWFzdGVyfGltYWdlc3w0NDA2fGltYWdlL2pwZWd8YVcxaFoyVnpMMmc0WWk5b056TXZPRGM1TmpreE9ERXlNRFEzT0M1cWNHY3xjMjc5MjE2ODViZTM3MmE5YzliNzNjNDYwYWY5ZWQxOWEzZTMzNjU1MWVlNTY0ZjY3MzNiOGE0YjA4NTNjY2M3,,,,121942
300791704,Bene Women coffee 37.0,,20.21,400300|Roxy,/medias/?context=bWFzdGVyfGltYWdlc3wzNTAzfGltYWdlL2pwZWd8YVcxaFoyVnpMMmhrWXk5b01UQXZPRGM1TmpreE9URXdNelV4T0M1cWNHY3xjZGY2ZDViNGQwMDVkNjg5NTgwZjUwOTFkZTdiOGRjMTMxZWIxM2NhZjI3YzM4YzU0N2Q1MTA5YTE5MmM1YTE1,,,,118720
300613859,Gusty Tote Ball Bag Women desert point Uni,,32.36,160400|streetwear|Quiksilver,/medias/?context=bWFzdGVyfGltYWdlc3wzNjc0fGltYWdlL2pwZWd8YVcxaFoyVnpMMmhoTlM5b1lXWXZPRGM1TmpreE9UYzFPRGczT0M1cWNHY3xlNWJjZGJhOTk2NzIzZmExM2I3ZTVjYTc1ZjRiMzExZTA4ZjQ1OTNlZTI1ZDdmZGE4OTJiYzRlYjZjZWRhODJl,,,,122459
300613861,Wind Jammer Tote Beach Bag Women sand Uni,,36.41,160400|streetwear|Quiksilver,/medias/?context=bWFzdGVyfGltYWdlc3w0MjYyfGltYWdlL2pwZWd8YVcxaFoyVnpMMmd6TXk5b04yWXZPRGM1TmpreU1EQTROalUxT0M1cWNHY3xhYjE4MjJkZmNjNjc3N2JmNjQzZTkxNWM2YzY3MTA5MDA2ZDhmZTA2NGIzYmIxMGExYzU0ZDk0Y2QwMjA2M2Fh,,,,122461
300611156,Wrappers Delight Tote Women fire red Uni,,44.51,160400|streetwear|Volcom,/medias/?context=bWFzdGVyfGltYWdlc3w0NTgzfGltYWdlL2pwZWd8YVcxaFoyVnpMMmc1WXk5b01qTXZPRGM1TmpreU1EUXhOREl6T0M1cWNHY3wwN2RiOTAyZjU2YjU0NjcwODIxOGQ4Y2I1ZWZjZWE3OTE2YzBiMWVkZDQzOWVhMjgwY2U2ZWJiYzg0ODljNTA3,,,,121924
300617559,Baby II Bag Women cloud Uni,,28.31,160400|streetwear|Element,/medias/?context=bWFzdGVyfGltYWdlc3w1OTcxfGltYWdlL2pwZWd8YVcxaFoyVnpMMmc1TXk5b00yRXZPRGM1TmpreU1EYzBNVGt4T0M1cWNHY3xlYjJmMThjZTM1ZjBlNjg1NjA5MjJmYmRhODhmZGY4NGY5NDM3ZTY3Y2Y4OTkzNjI0M2JkYmZjZTgyNGU2YTcx,,,,123970
300717435,Her Logo SS Women heather berry S,,21.83,260100|streetwear|Burton,/medias/?context=bWFzdGVyfGltYWdlc3wzNTI1fGltYWdlL2pwZWd8YVcxaFoyVnpMMmhtTkM5b056SXZPRGM1TmprMk1qWTRORGsxT0M1cWNHY3xlZTdjZmY3YzI5YjkwMDgwOWIxMGRmZjBhNTdkNDU4M2VjNTUyY2IyYjQ3MTk2YWRmY2FjMGNhODI4MTMxNDhm,,,,122811
300614710,Enterprize Cap black/red LXL,,28.31,220600|Fox,/medias/?context=bWFzdGVyfGltYWdlc3w0NDQ5fGltYWdlL2pwZWd8YVcxaFoyVnpMMmhrWXk5b01UWXZPRGM1TmprMk5ETXlNek0xT0M1cWNHY3w3MzA0MDg0YmU0ZWY5MDhhNDAxYjIwOGE0NjkwMmE5MjhmN2FhZGRiZDI0OTU2ZTMyZjExNWUyYmZiYjhiMzRl,,,,122670
300604623,Ginga Cap black SM,,28.31,220600|Quiksilver,/medias/?context=bWFzdGVyfGltYWdlc3wzOTc5fGltYWdlL2pwZWd8YVcxaFoyVnpMMmc1Tnk5b1kyWXZPRGM1TmprMk5EazNPRGN4T0M1cWNHY3wwNmVkYzJjYmUxNjU2Yjg4MDBhYzkwN2Y3MDUyYzYwM2M0ZjYzOGIyMWI0ZmYxODBmODJmOWQyMDMyYThmODE2,,,,117900
300611884,Element Flat Cap celtic LXL,,24.26,220600|Element,/medias/?context=bWFzdGVyfGltYWdlc3wzNzU2fGltYWdlL2pwZWd8YVcxaFoyVnpMMmhrTVM5b1kyWXZPRGM1TmprMk5UazJNVGMxT0M1cWNHY3w0ZjAxOWQwYTExYWM3NTIzMWI0OWM3M2EwZWQxNDkwMDY0ZmUxZDdlOTY1YmVmZTU2NDk3NzdkMjdjNDBiNDBj,,,,122072
300650114,BT Contrast Cap black Uni,,11.3,220600|Blue Tomato,/medias/?context=bWFzdGVyfGltYWdlc3wzNjQwfGltYWdlL2pwZWd8YVcxaFoyVnpMMmhrWmk5b09EZ3ZPRGM1TmprMk5qSTRPVFF6T0M1cWNHY3w1YTUxNDMwZTIwOWE5ZDkyNzA0M2ExYzEyOTgwOTQwNmM0NzdmYzE1OWQ5MzM2MWQzMDE1YmE4ZWM4NGUzYzMx,,,,117204
300564390,Faded Droid Cap white Uni,,11.3,220600|droid,/medias/?context=bWFzdGVyfGltYWdlc3wzOTM0fGltYWdlL2pwZWd8YVcxaFoyVnpMMmczTmk5b1pUa3ZPRGM1TmprMk56STNNalEzT0M1cWNHY3xmNTMyN2I4N2UxODhkNTY4ZGUwYzU5YzdjODA4OWQ4MDkxZTBkMzViY2ZhMWRhMDFmOGQ0MDk2NGZkODkyZWE4,,,,117210
300564385,BT Full Splatter Cap white Uni,,11.3,220600|Blue Tomato,/medias/?context=bWFzdGVyfGltYWdlc3wzNDI2fGltYWdlL2pwZWd8YVcxaFoyVnpMMmd5TkM5b01qTXZPRGM1TmprMk56a3lOemd6T0M1cWNHY3wyNDZhYjczZDc5N2FlYzhjMWU2M2ExZmYwMjFlZjQ5NWIzMmE4NWE1Zjk3YWM3MGZmZWRhOTI5NGE2Njk3NWUy,,,,117205
300639540,El Moro Hat all black LXL,,36.41,220600|Element,/medias/?context=bWFzdGVyfGltYWdlc3wzODQyfGltYWdlL2pwZWd8YVcxaFoyVnpMMmhpWWk5b09ETXZPRGM1TmprMk9Ea3hNRGczT0M1cWNHY3xhYzFlY2Y0N2UwYTZkZTMxZmM3MTBmMzlhNDQ3MjFmYjE3ZWI2ZTQwMWJhOGE3ZmRmOWJiN2VjOWY1OTM5NmE1,,,,122074
92905_brown_w+bronze_flash,Vintage 72 metallic grey/ yellow brown w/bronze flash,"<p> Take a look back through time as you look ahead through the lenses of the Nike Vintage '72 Sunglasses. Featuring an over-sized frame, you'll get an aviator inspired look with maximum protection from the sun.",77.72,210100|Nike,/medias/?context=bWFzdGVyfGltYWdlc3wyNzExfGltYWdlL2pwZWd8YVcxaFoyVnpMMmc1TXk5b01qTXZPRGM1TmprMk9USXpPRFUxT0M1cWNHY3xjZDYzMDU4MDk2ODlhNDA0MDc5ZDM4OTFlZWI5YjE2YzhiNmMxZGU0OTk3YTM5NDUwNmQ3NTA1ZmI1MmI1ODM0,brown,w+bronze,,92905
300416140,Studded Belt cardinal M,,28.31,251100|streetwear|Burton,/medias/?context=bWFzdGVyfGltYWdlc3w1NzgxfGltYWdlL2pwZWd8YVcxaFoyVnpMMmd5WkM5b016SXZPRGM1TmprMk9UZzVNemt4T0M1cWNHY3xmOWFiNzU5MmM4ZWQ0NzcwMGY1NzlkNDM0ZTFhMTliZDE1YWRjMzY5MzQzZDI3NDhmZTdjMjE0Mzk1ZWNjYzQ5,,,,96097
300417310,Pennant SS royal S,,17.78,250100|streetwear|Burton,/medias/?context=bWFzdGVyfGltYWdlc3w0Nzg1fGltYWdlL2pwZWd8YVcxaFoyVnpMMmcyWmk5b09UY3ZPRGM1TmprM01UVXpNak14T0M1cWNHY3w5Mzk5OTRiNmYyNzFiOWFjODUwZDJiMGIyOGRjMzI1MmM5NTcxZWY2MWE5YTdmMGFkNTQzYzY4MGU3MjM1MDI5,,,,96172
300398794,Adapt New Era blacktop 7 1/4,,32.36,220600|Foursquare,/medias/?context=bWFzdGVyfGltYWdlc3w1MDY5fGltYWdlL2pwZWd8YVcxaFoyVnpMMmhoWVM5b00yTXZPRGM1TmprM01qZzBNekF6T0M1cWNHY3wwMzVkNzYxOGFkYzAwNDNhNTM4YTgwMDE4MTZiNzk5Yzk4NmQ0NTA0YjczOGQxYTczNmIyMmFhMTQ2YTVlMzgx,,,,94415
300441239,Panorama Pants Women beet red S,,153.86,260900|streetwear|Nikita,/medias/?context=bWFzdGVyfGltYWdlc3w0MDEyfGltYWdlL2pwZWd8YVcxaFoyVnpMMmd4WVM5b1lXTXZPRGM1TmpnMU5EY3hORE01T0M1cWNHY3xmMmM5ZjUxNzBkYTRiMDgxM2NjMGIwMmQwMDg4MDZhMTVhOTMzYWM0MmQ4ZTM1NDExZjMzN2JiMTc2NWQxZTY1,,,,100124
300044623,Shades Anon Legion crystal & black grey,Anon Legion Sunglasses in a plaid style.,84.96,Anon|sunglasses|210100,/medias/?context=bWFzdGVyfGltYWdlc3wxOTk1fGltYWdlL2pwZWd8YVcxaFoyVnpMMmhrTXk5b09EQXZPRGM1TmpZMU9USXlNRFV4TUM1cWNHY3wzMzk0ZjdiZmMyZDZmNjQ0ZGUzYzJmOTc0ZjYxNWU2MmMzNzBhYWRlMTIwOTdjZTU1YzkxYTQ1OGQ2ZGViZTRi,,,,300044623
300044600,Snowboard Ski Tool Toko Multi Base File Control,Precision base (hanging) edge tuning tool,39.06,Toko|skigear|100200|snow,/medias/?context=bWFzdGVyfGltYWdlc3wyNjc0fGltYWdlL2pwZWd8YVcxaFoyVnpMMmhtTlM5b1l6SXZPRGM1TmpZMU9UQXlNemt3TWk1cWNHY3xkNjkyMDJjYWFiMjY2MDIyMDI4MWU4MTgwMmMwNjU3Y2MzOWFjYjc4NDViNzY1NDdmYjZhMjdhNWFmMmQ5OTJj,,,,300044600
29533,Snowboard Ski Tool Toko Ergo Multi Guide yellow,,50.96,Toko|skigear|100200|snow,/medias/?context=bWFzdGVyfGltYWdlc3wzMjg3fGltYWdlL2pwZWd8YVcxaFoyVnpMMmczTmk5b1ltSXZPRGM1TmpZMU9ERXdOak01T0M1cWNHY3wyMTJiYTUyOGMxN2Q5M2RjZWVjNTRhZjQyMDQwYzQ3NGJmOTNhOWU2MGQ0ZjdhYWE3OTdmZmI2MDZkZjVjYmQ0,,,,29533
300047513,Shades Von Zipper Papa G white grey chrome,Like a chunk of fudge on december 26th this super-sized piece of eye candy is the gift that keeps on giving into the New Year and doesn't melt in your hand or cause love handles.,67.96,Von Zipper|sunglasses|210100,/medias/?context=bWFzdGVyfGltYWdlc3wxMzM4fGltYWdlL2pwZWd8YVcxaFoyVnpMMmd4Wmk5b09EWXZPRGM1TmpZMk1EQXdOamswTWk1cWNHY3w2NzRkMDA4NzBmZDJiZGJkYWE2ZjFkZmM0ZDUzOTQ3MjdjYmJiODZmMWFmNmViOTRiYzhkOTk0MjU5MGEzOGYx,,,,300047513
45572,Snowboard Ski Tool Toko Waxremover HC3 500ml,,12.86,Toko|skigear|100200|snow,/medias/?context=bWFzdGVyfGltYWdlc3wyNzE4fGltYWdlL2pwZWd8YVcxaFoyVnpMMmd6WVM5b1pEUXZPRGM1TmpZMk16Z3dPREF6TUM1cWNHY3w1Yjc0NDQ5ZWMyM2ZiNTU4ZDQ2ZDQ2Mzg2ZWE4Mjc5ODAyYWEyYzhlZWQ0M2RlOTlkZGM3OTk2MDk0OGY1OGM2,,,,45572
300046592,Shades Fox The Duncan polished black grey,-- Featuring patented XYZ Optics for razor sharp clarity at every angle of vision plus the impact resistance and 100% UV filtering of pure Plutonite lenses. <br />-- Lightweight O Matter material <br />-- Metal Fox logo icon accent <br />-- Extended wrap,101.96,Fox|sunglasses,/medias/?context=bWFzdGVyfGltYWdlc3wxOTMzfGltYWdlL2pwZWd8YVcxaFoyVnpMMmc0TXk5b01HWXZPRGM1TmpZMU9UWTNPVEkyTWk1cWNHY3xlZGZlYTMyYzRhMWExNGRkZmEwOTJhN2ZlNDMxMjI0MDc0YzA4YjM1M2U0NWY3MGU3MjQ2YjhlY2QwOGMxOWYw,,,,300046592
300015407,Shades Von Zipper Fernstein gold moss gradient,The signature Von Zipper eyepiece is the living example that it is your god given right to stand up and scream your individuality at the top of your lungs.,76.46,Von Zipper|sunglasses,/medias/?context=bWFzdGVyfGltYWdlc3wxNjgzfGltYWdlL2pwZWd8YVcxaFoyVnpMMmhsWXk5b1lqVXZPRGM1TmpZMU9ETXdNekF3Tmk1cWNHY3w0OGQ2NjA3NGQ4OGJjZjM5MGU3OTJkYzY0NTRiYmM0ODhlZWI4MTU3MTE2YzkwOWI4N2I2OWM5MjlkOTMyMmQ5,,,,300015407
300044599,Snowboard Ski Tool Toko T8 800 Wachsbügeleisen für Heißwachs,Ergonomic Waxiron enables easy waxing in all directions. Precise temperature adjustment from 100°C to 160°C. The extra-strong aluminium pressure cast plate for ideal heat storage has a curved rhomboid structure that improves,33.96,Toko|skigear|100200|snow,/medias/?context=bWFzdGVyfGltYWdlc3wzMDE0fGltYWdlL2pwZWd8YVcxaFoyVnpMMmd5TXk5b01UY3ZPRGM1TmpZMU9EazFPRE0yTmk1cWNHY3xiYTI0OGFkYjRmYjVlNmJjYTc5YTFhMTdkZDQ1Zjk0OTk5MzY0MjkyNDAwYTAyNTNmMDNkY2YxZTdhYjJmY2Y0,,,,300044599
300045375,Shades Quiksilver Dinero black white red grey,The Quiksilver Dinero sunglasses are from Quik's fashion range.<br>These great Quiksilver sunnies provide 100% u.v. protection and an acetate frame.<br>The Dinero shades from Quiksilver have polycarbonate lenses and high quality Italian hinges.,84.96,Quiksilver|sunglasses|210100,/medias/?context=bWFzdGVyfGltYWdlc3wyMDA1fGltYWdlL2pwZWd8YVcxaFoyVnpMMmhrWmk5b1kyRXZPRGM1TmpZMU9UTTFNVFU0TWk1cWNHY3wyMjFkOTZhMDQxNTU4Mzk2ZThmZjdlOWZkY2M0MjYwM2JhNzJmN2E1OTE3MDhjYzlhMTM5ZDRhZDRkMGQ4MDAy,,,,300045375
300619188,Rachel Women black Uni,,36.41,160400|streetwear|Dakine,/medias/?context=bWFzdGVyfGltYWdlc3wzNzcxfGltYWdlL2pwZWd8YVcxaFoyVnpMMmczTWk5b1pEWXZPRGM1TmpreU1UQTJPVFU1T0M1cWNHY3wyMDdhYjliNmQ2OWM4NTQxNDZjZTMxNzU5MmQ5Nzg1ZjEzMjgxN2RhMmY3YzUwNThmZTYyYTcwNDlhOTg5NjU2,,,,124693
300452191,AC Trefoil Shop Bag white white/bluebird Uni,,1.98,160400|streetwear|adidas Originals,/medias/?context=bWFzdGVyfGltYWdlc3wyNDU5fGltYWdlL2pwZWd8YVcxaFoyVnpMMmhtTnk5b1pEa3ZPRGM1TmpreU1UTTVOekkzT0M1cWNHY3wzYTVmOWVmZTg0YjBmMTNiZmE1NWNkM2FhYjk4OWRiMjIwZDQ0NTA2NTgxZmIxMGUyMmFjOTVhN2Y2Y2QxYzkz,,,,102153
300613490,Seizure Satchel black Uni,,34.79,160700|streetwear|Billabong,/medias/?context=bWFzdGVyfGltYWdlc3wyOTc0fGltYWdlL2pwZWd8YVcxaFoyVnpMMmcwWWk5b09ERXZPRGM1TmpreU1qQTFNall6T0M1cWNHY3xiMTliNGQyZjA3YmRmZTBmMWRhYzgwYTIzMjEyZWI2MmEyMGJmNzYzZjk1ZTc1OGZjYTRjYWU3OWQ4ZjMzNzA1,,,,122379
300608126,Purma Backpack red combo Uni,,56.66,160300|streetwear|Volcom,/medias/?context=bWFzdGVyfGltYWdlc3w1NDAwfGltYWdlL2pwZWd8YVcxaFoyVnpMMmd4TUM5b1pHTXZPRGM1TmpreU16TTJNek0xT0M1cWNHY3wyOGUwZDYzNGIyMTkyZGJhOTI3MzU0NmFmN2FmYmEzZjNlZDM3ZmFjNzJlZTgzZDFiNjI1OWRlNTFhYmViMzQ2,,,,118833
300466076,Dream Team II Skate Backpack black Uni,,60.71,160300|streetwear|Skullcandy,/medias/?context=bWFzdGVyfGltYWdlc3w1MzE4fGltYWdlL2pwZWd8YVcxaFoyVnpMMmczWVM5b09HTXZPRGM1TmpreU16WTVNVEF6T0M1cWNHY3xkMGVlMGY0YzEyM2VmMzQ1NmRlYjhmZjBhYTgwYTRkZWQyMmMzNDVlODJiNDMwNDU4NTAyOThlMjMzMjU1YTdk,,,,104485
300618505,Airline Bag fairway/white Uni,,40.46,160300|streetwear|adidas Originals,/medias/?context=bWFzdGVyfGltYWdlc3w1Mjc3fGltYWdlL2pwZWd8YVcxaFoyVnpMMmc1TlM5b056a3ZPRGM1TmpreU5ETTBOak01T0M1cWNHY3w5N2Y1NWZhNDNiYTI5MTY2N2FlMDA0N2JlZWFlMWQzMDc5ZTE2ZTE3YTNiMDQ0YTdhNWIzZWRiMGZiNDBlZmVl,,,,124267
300618507,Airline Bag white Uni,,40.46,160300|streetwear|adidas Originals,/medias/?context=bWFzdGVyfGltYWdlc3w0OTU2fGltYWdlL2pwZWd8YVcxaFoyVnpMMmd5WWk5b1l6a3ZPRGM1TmpreU5EWTNOREEzT0M1cWNHY3xlZTNjZTUyMzQ4MGJkNTU3ZDUwNGZhYTJiNWJjNjEyMGMxYmM2NDM2OWYzMzAyNzJiODg1YzA0NjE5NTk0NjUy,,,,124269
300618506,Airline Bag bluebird Uni,,40.46,160300|streetwear|adidas Originals,/medias/?context=bWFzdGVyfGltYWdlc3w1MDk1fGltYWdlL2pwZWd8YVcxaFoyVnpMMmcwTWk5b1pESXZPRGM1TmpreU5UQXdNVGMxT0M1cWNHY3xmNDgyYjM0ZDhmNGRjODQ0YzQ2MmNlZWJkNDdjY2JiZmQyMjJmYTU4MWJhZWE0MDc0YWE4YjJhODE0MTNhZjMy,,,,124268
300441924,Seizure Bag clay court Uni,,24.26,160700|streetwear|Billabong,/medias/?context=bWFzdGVyfGltYWdlc3wzODU2fGltYWdlL2pwZWd8YVcxaFoyVnpMMmhsTmk5b01UWXZPRGM1TmpreU5UTXlPVFF6T0M1cWNHY3wyMzFlYTM3MmY1MDFkOTJjMDg4OWRhNzdlNTg4NTA2ZjIzYTVlZmYwYWYzYTdmMmJmY2Q0NzJkYWU3NDcyMjMw,,,,100402
118514_grey,Avionics Shades Black grey,<p> The Avionics Shades Black by Vans aren't just for pilots! But they still give you that ultra-cool look on every Party. </p><p>100% brass frame / 20% cellulose acetate</p>,14.54,210100|Vans,/medias/?context=bWFzdGVyfGltYWdlc3wyNzkyfGltYWdlL2pwZWd8YVcxaFoyVnpMMmczWXk5b05qWXZPRGM1TmpreU5UWTFOekV4T0M1cWNHY3xmMTI5N2Q1NGY5MTFhMTUyZTgwNDBkMzlhZDBhNjhkZjI3MGEzNmM2MWUyYTI5OTJiMDVmMTAzN2E4OTM5ZjIw,grey,,,118514
115117_green_bronze_mirror,Vintage 86 blue havana striped green bronze mirror,"<p> The Nike Vintage 86 is a highlight among the Vintage sunglasses, because of the extraordinary combination of Acetat and stainless steel. Because of multiple layers of colours and due to the high level of quality the glasses are equally stylish and robust. </p>",72.86,210100|Nike,/medias/?context=bWFzdGVyfGltYWdlc3wyODc3fGltYWdlL2pwZWd8YVcxaFoyVnpMMmczWkM5b056Y3ZPRGM1TmpreU5qTXhNalEzT0M1cWNHY3w5MTM4N2VlYmNlZGM5MGExZGQ2NTVjNWIyZmRkOWY0ZGRkOGVjYmI0NTJmNDJhN2Y4MDUyZTcyZGEzOThiZjUy,green,bronze,,115117
115061_silver_mirror,Vintage 72 red white silver mirror,"<p> With the Nike Vintage 72' you will actually move back in time. These are retro style sunglasses with a pilot sunglasses imitated style, and maximised UV protection.",72.86,210100|Nike,/medias/?context=bWFzdGVyfGltYWdlc3wyOTA5fGltYWdlL2pwZWd8YVcxaFoyVnpMMmd4TXk5b1l6Y3ZPRGM1TmpreU5qWTBNREUxT0M1cWNHY3wyNmFlNGI5ZTIzMWM4OGNjOTQ3MTY4NThmNzkzYjE3Nzg4OGM1YjJhZWZhZWFkOWUyNWMyZTc1ZDVjZGE3NDU1,silver,mirror,,115061
300614877,Override Reversible Belt Women black L,,28.31,370900|Fox,/medias/?context=bWFzdGVyfGltYWdlc3w0MTAyfGltYWdlL2pwZWd8YVcxaFoyVnpMMmhpT0M5b01XTXZPRGM1TmpreU56WXlNekU1T0M1cWNHY3w0NzdiMDY1MjExZDY2MzI5YzdmYzA0ZWM5MzNmOWJmNmM3MGU4YjRmYTExYmNmZDI2OTk5YTE3Yjk3MjZlYWFi,,,,122723
300385272,Ghada Leather Belt Women chipmunk ML,,24.26,370900|Bench,/medias/?context=bWFzdGVyfGltYWdlc3wzNjkyfGltYWdlL2pwZWd8YVcxaFoyVnpMMmhqTmk5b1pUZ3ZPRGM1TmpreU9ESTNPRFUxT0M1cWNHY3w4YjRjODI1YTFmMjE2ZTZlODI5MGMxMDc0MGE2ZmM2MjNiNTA5MDRmMWYyODM0OTliMjA0MTUzNDY4NzFkNjBl,,,,79889
300202725,Overtime Belt Women trashed black Uni,,17.78,370900|Fox,/medias/?context=bWFzdGVyfGltYWdlc3wzMjkwfGltYWdlL2pwZWd8YVcxaFoyVnpMMmhtTmk5b05EVXZPRGM1TmpreU9EWXdOakl6T0M1cWNHY3w3MTMyODI2MTdjNWM5MmNiYzBlOWU4NTZmNDVkMzM5ZWVlNWEyZjA3MWY4ZWNkMmY1NzY3Mjc5ZTJjNWE1ZmE2,,,,63500
300604640,Handshake Belt field green L,,28.31,251100|streetwear|Quiksilver,/medias/?context=bWFzdGVyfGltYWdlc3w1MDUyfGltYWdlL2pwZWd8YVcxaFoyVnpMMmd5Wmk5b09EZ3ZPRGM1TmpreU9USTJNVFU1T0M1cWNHY3w1OThmNGUxZWYwOTVlNTUxMWY0N2MyY2ZiYTIwNDQ2ZGQ5YTUwOGE2MmJiOWM1ZmQzMzAwYjQ3ZWQ0NjdhNGZk,,,,117909
300608207,Assortment Web Belt blue black Uni,,20.21,251100|streetwear|Volcom,/medias/?context=bWFzdGVyfGltYWdlc3wzNTg4fGltYWdlL2pwZWd8YVcxaFoyVnpMMmcxT1M5b04yUXZPRGM1Tmprek1ESTBORFl6T0M1cWNHY3xkOGM3ODIyNGJjMmI5MmZlYjQ1OWM3ZjQzNTBlMTg2NTAyN2VmMjMxZDNmY2FjNzMzMDRmOWRmODgzNzdhNTlj,,,,118859
300608309,Incision Leather Belt shadow grey SM,,40.46,251100|streetwear|Volcom,/medias/?context=bWFzdGVyfGltYWdlc3wzNTUzfGltYWdlL2pwZWd8YVcxaFoyVnpMMmcwWXk5b1pEZ3ZPRGM1Tmprek1USXlOelkzT0M1cWNHY3w4ODFhOWEwNGQ1YWUyMjgxNzA4YTAyMjQzYzgzMTRkMzQzYTlkMTRiNTc0MzE1ZTc5ZTA3YzBkMGEyODgwMTE5,,,,118879
300785814,Maguro Pu Belt plaid LXL,,24.26,251100|streetwear|Volcom,/medias/?context=bWFzdGVyfGltYWdlc3w1NjEyfGltYWdlL2pwZWd8YVcxaFoyVnpMMmczTVM5b04yWXZPRGM1Tmprek1qSXhNRGN4T0M1cWNHY3wxYjM2YjlhMDBhYWY2OGJmYWZiMDk2YjVmNzA4OWVhOGVjZjQ2NTllMjVhNDViMzNjYzFmMjE2YWRhZGZkYTMy,,,,118871
300604648,Granda Belt white L,,40.46,251100|streetwear|Quiksilver,/medias/?context=bWFzdGVyfGltYWdlc3w0NzY1fGltYWdlL2pwZWd8YVcxaFoyVnpMMmc0Tnk5b04yUXZPRGM1Tmprek1qVXpPRE01T0M1cWNHY3xkYjljYTg5ODgwOTViY2E4YzcxYzVjNzgwYTVhYzE1NjBmNDlmZGE0YmUzMzU5OWRmYTZmZjE0Nzg1Y2EzMzc3,,,,117911
300617318,Bike Bones SS Youth black L,,17.78,270100|kids|streetwear|Quiksilver,/medias/?context=bWFzdGVyfGltYWdlc3w0NTQ2fGltYWdlL2pwZWd8YVcxaFoyVnpMMmhtT1M5b09ESXZPRGM1Tmprek16RTVNemMxT0M1cWNHY3w5MjcyMTUwMjA0N2QxOWFlNWFiNzliOWFiNGQ0ODY1M2IzMzJmZTE5ODAyMTZlODY4MzA2ZWQ4YTUxOTA5Y2Jl,,,,123922
300605311,Star SS athletic red/dark denim L,,28.31,250100|streetwear|DC,/medias/?context=bWFzdGVyfGltYWdlc3w0MTQzfGltYWdlL2pwZWd8YVcxaFoyVnpMMmhoTnk5b016UXZPRGM1Tmprek56YzRNVEkzT0M1cWNHY3wwZjlmZDE1MDQzY2U3MTQ5Y2U4NDdmNGRiYzQ4MDcxM2IzMDhkMzIxMzhhN2E1MTMwODU4ZGQ0N2EwOWVjMDc2,,,,118313
300417115,Crammed SS bright white S,,24.26,250100|streetwear|Burton,/medias/?context=bWFzdGVyfGltYWdlc3wzNjI1fGltYWdlL2pwZWd8YVcxaFoyVnpMMmd5Tnk5b01tTXZPRGM1TmprME1qWTVOalEzT0M1cWNHY3xlMTYzZjM1YTM4NTYzMDg5Yzg3ZGM5MDhhN2YyZDY1Njk1YzJhNThiY2ZlNmIzMjRjYzI2YWVkN2Y3Yzg0ZmU1,,,,96162
300613261,Quad Tee SS black L,,24.26,250100|streetwear|Billabong,/medias/?context=bWFzdGVyfGltYWdlc3w0MTI0fGltYWdlL2pwZWd8YVcxaFoyVnpMMmd3Wmk5b01tRXZPRGM1TmprME5EWTJNalUxT0M1cWNHY3xhYmEzYWEzNzU4NjAwOWVmNjEwZTQ1MmQ4OTE2ODg2ZjdhMDNmNDRjMmE4ZjQyMzY0MDY5YzE2NDQ0Zjk3YTdi,,,,122321
300458967,New Standard SS black L,,20.21,250100|streetwear|Volcom,/medias/?context=bWFzdGVyfGltYWdlc3wzNDQwfGltYWdlL2pwZWd8YVcxaFoyVnpMMmcyTXk5b09ESXZPRGM1TmprME56WXhNVFkzT0M1cWNHY3xiMjEyNmU1NjNlYzQ2ZjYzZTkyMGUyOWMwZGY0M2Q5ZTIyOTMwMTQ5YzMwMTkyOTI2ZDU0YzY3YWNkNjk0M2Fm,,,,103088
300617125,Rollercoaster SS holiday/multicolor L,,28.31,250100|streetwear|Carhartt,/medias/?context=bWFzdGVyfGltYWdlc3w0OTUxfGltYWdlL2pwZWd8YVcxaFoyVnpMMmc0TlM5b056a3ZPRGM1TmprME9USTFNREEzT0M1cWNHY3wyNzA4NjA1OWQ0ZGI5NDE2YzNiNDM2OTA5YjcwZTU4YmY3OTMwYmRlZDY5YTUzNGUzMDA5MTlhZGFlOTE0NmM2,,,,123759
300756150,"Eat, Sleep, Dream SS F black L",,28.31,250100|streetwear|Element,/medias/?context=bWFzdGVyfGltYWdlc3w0NzQyfGltYWdlL2pwZWd8YVcxaFoyVnpMMmd4T1M5b016QXZPRGM1TmprMU1EZzRPRFEzT0M1cWNHY3wzZDJiN2U5YWVkMTQwMmY3NTE5N2Y0YmY0MDZkM2E1YmU5NTBjZDc5MmYwNmVmZWUyZDIzMzNlNjBhOGQ3ZDFm,,,,122059
300604611,Acid SS white L,,28.31,250100|streetwear|Quiksilver,/medias/?context=bWFzdGVyfGltYWdlc3w0MDQ4fGltYWdlL2pwZWd8YVcxaFoyVnpMMmhtTlM5b1pUWXZPRGM1TmprMU1USXhOakUxT0M1cWNHY3w2YTVhMjRkOTUyNTU3MjhlZjg0MDRlZjI5NTQxMzFhYjJhNzFhYmQyYTY5YjBjMTI2ZTA1YjdiYzkyYjM3MDJi,,,,117896
300610758,Strybal Scoop Tee SS Women blue L,,28.31,260100|streetwear|Volcom,/medias/?context=bWFzdGVyfGltYWdlc3w0OTc5fGltYWdlL2pwZWd8YVcxaFoyVnpMMmc1TkM5b01qRXZPRGM1TmprMU1qVXlOamczT0M1cWNHY3xmNDZkZWYwMGUyZTBjNDIwY2EwZjhkOWYyMGM3OTJhMTU1ZDE3ODQzMmRmNjU4YWYyYzZjOTc3ZmU5N2FiYmM5,,,,121832
300608392,I Love Tee SS Women grey heather M,,24.26,260100|streetwear|Billabong,/medias/?context=bWFzdGVyfGltYWdlc3w0MDg4fGltYWdlL2pwZWd8YVcxaFoyVnpMMmhsTmk5b056WXZPRGM1TmprMU5EUTVNamsxT0M1cWNHY3wwNzNiZWRmZWVmMzQ4MWJmZWU0NTQzNmQ3ZWI3YzczZWIxZTYzMzEwYjA0ZjY1OWYwNmI0YjY4N2Y4ZGNkMzM1,,,,118893
300439071,Spaghetti SS Women black S,,24.26,260100|streetwear|Volcom,/medias/?context=bWFzdGVyfGltYWdlc3w0NDIyfGltYWdlL2pwZWd8YVcxaFoyVnpMMmcwWVM5b01qRXZPRGM1TmprMU56YzJPVGMxT0M1cWNHY3w4NjQwZGE3OTU2ODJjMzg1ZTZhZTBjYzI4OGRiNTA3ZmVjNjNmYjhhYmU4MWViODYzOWI2ZDM0Y2RhYjZlMTdj,,,,99277
300736128,Lola Tee SS Women grey heather XL,,24.26,260100|streetwear|Billabong,/medias/?context=bWFzdGVyfGltYWdlc3wzOTQ1fGltYWdlL2pwZWd8YVcxaFoyVnpMMmcyTWk5b04yUXZPRGM1TmprMU9UUXdPREUxT0M1cWNHY3xkMGEwNzJiMjJjNjk3ZWQ4NjFhZjQ4MDQyOGYxODVmODJhYWY1ZDVmNWM5OGY4NzY0MTYwNjEwMGJmYmUzZTMy,,,,118894
300022349,Wax Toko S3 Hydro Carbon 60g blue,Very hard friction resistant hydrocarbon wax for extremely cold aggressive conditions. For all disciplines. 60 gramm,33.59,Toko|skigear|100200|snow,/medias/?context=bWFzdGVyfGltYWdlc3wyNTIyfGltYWdlL2pwZWd8YVcxaFoyVnpMMmd3TUM5b1ptTXZPRGM1TmpZMU9EUTVPVFl4TkM1cWNHY3w2YTZkYTNjYmU4YmExODlkNWU0MjFjMDdhZmFjNDFkMTUwNGJkNjU3MWJkOTFmYjE2NWM0NTQ5MWM5NzYyYTI1,,,,300022349
300022352,Wax Toko Express Pocket Mini 75 ml,,40.99,Toko|skigear|100200|snow,/medias/?context=bWFzdGVyfGltYWdlc3w0NDA4fGltYWdlL2pwZWd8YVcxaFoyVnpMMmd5Tmk5b01qZ3ZPRGM1TmpZMU9EVTJOVEUxTUM1cWNHY3w5Zjc3YmFhZDQ3OTEyNDZlNTI2MDAxN2I5YjFkOWE1M2I0ZmUwODBjZGQ5Y2JjMjBjMWI1MWJkN2EwYTAwZmY3,,,,300022352
300024964,Shades Fox The Median polished black warm grey,Styli sun glasses in black.,101.11,Fox|sunglasses|210100,/medias/?context=bWFzdGVyfGltYWdlc3wxNzg5fGltYWdlL2pwZWd8YVcxaFoyVnpMMmhrWlM5b1lqa3ZPRGM1TmpZMU9EWTVOakl5TWk1cWNHY3w4MTA5OTUzNDhmZGZmMWZhM2NiOWI5MzYzZGNhNGRmNjAzOTIwMTYxOTBmZjUyZGEzODgxYWQwMjVkZDVlN2Ji,,,,300024964
300044323,Snowboard Ski Tool Red Basic Kit,BASIC KIT<br>  Satisfy your need for speed.<br>  <br>  Includes<br>  + Zip Tool<br>  + Ceramic Stone<br>  + Rub-Down Wax<br>  + Stash Carry Pouch,29.71,Red|tools|100200|snow,/medias/?context=bWFzdGVyfGltYWdlc3wyOTE3fGltYWdlL2pwZWd8YVcxaFoyVnpMMmhrWWk5b1lUZ3ZPRGM1TmpZMU9EZ3lOekk1TkM1cWNHY3wxM2YzMTM2NGE3NjcxMjllNmM3OGI3NzA4OTczMTM4MzhjYTI2NDUyODVhZTNjMjk0YWYyNzc5Y2UxNTFhNGM2,,,,300044323
300047195,Shades Women Roxy Tee Dee Gee dark tortoise brown grey,Roxy Sunglasses with 100% UV protectionshatter with nylon lense.,84.96,Roxy|sunglasses|240100,/medias/?context=bWFzdGVyfGltYWdlc3wyMDE5fGltYWdlL2pwZWd8YVcxaFoyVnpMMmc1TkM5b09HSXZPRGM1TmpZMU9UYzBORGM1T0M1cWNHY3xiNmE5ZTNiNjY1MTEwNjM1OWNjNmE5ZDhmZDNmZTY1ZWRjNDVjOThjOTkyODRmZTQxNjZkYTUzYzU2ZTZmNGE4,,,,300047195
300047196,Shades Women Roxy Minx black sig grey GR,Roxy Sunglasses with 100% UV protection propionate frame and polycarbonate de-centered lenses.,93.46,Roxy|sunglasses|210100,/medias/?context=bWFzdGVyfGltYWdlc3wyMDY1fGltYWdlL2pwZWd8YVcxaFoyVnpMMmc1T1M5b01EQXZPRGM1TmpZMU9UZ3hNRE16TkM1cWNHY3wxZGI4M2ZkYzZlYzlmOTg0NDE2ZDYxY2RjM2I0NzU1MjM2M2VkYzAwNGY0MGQ1ZGFiZGVhYzE5OGU2OWM1M2Zj,,,,300047196
300047199,Shades Women Roxy Roma purple grey,Roxy Sunglasses with 100% UV protection distortion free lenses and studded Roxy logo on the side.,84.96,Roxy|sunglasses|240100,/medias/?context=bWFzdGVyfGltYWdlc3wxOTg1fGltYWdlL2pwZWd8YVcxaFoyVnpMMmcyTXk5b1pUQXZPRGM1TmpZMU9UZzNOVGczTUM1cWNHY3wzMzU4NjU2OWJjYTAwYzI4Nzk4YWZiMDlmNmQ0NTJjMmViODZhZTk1MDM2ZjdlNTU2MDVlYjc2ZmNiNWQ4Y2Uy,,,,300047199
300047436,Shades Anon Crusher polar black grey polarized,Everbody nows tha ANON designs super nice goggles <br>But since a while they also have extremly good looking sunglasses. <br>To prodect your eyes everywhere in the sunshine.,89.21,Roxy|sunglasses|210100,/medias/?context=bWFzdGVyfGltYWdlc3wxNzEwfGltYWdlL2pwZWd8YVcxaFoyVnpMMmd4WlM5b09URXZPRGM1TmpZMU9UazBNVFF3Tmk1cWNHY3w5YjExNWVhZTEzNDc5NDI0NThhNzk2YTc1OWQ1NzdkMTQyZWQ1MGViNjg4OWEzY2YxNjQ1Mjc0NjVjMTlkMjUy,,,,300047436
300310070,Bag Dakine 101 Pack wrap,Classical allround back pack from Dakine with laptop compartment.,84.96,Dakine|backpack,/medias/?context=bWFzdGVyfGltYWdlc3wzMzA5fGltYWdlL2pwZWd8YVcxaFoyVnpMMmc0TVM5b09HSXZPRGM1TmpZMk1EazRPVGs0TWk1cWNHY3w2YmMwYzhjNzIyN2U2YmYzMjMzODg4ZmE0ODU2MWFiZjUyN2MyMjZhMWRhYWE3MjZjMGZhMjNmYjgyOTc1MTcy,,,,300310070
300310086,Bag Dakine Factor Pack bomber,Functional like no other bag!,42.46,Dakine|backpack,/medias/?context=bWFzdGVyfGltYWdlc3wyOTQ3fGltYWdlL2pwZWd8YVcxaFoyVnpMMmd3WkM5b1ptRXZPRGM1TmpZMk1UQTFOVFV4T0M1cWNHY3w5ZTY1MTliZjY5MDI4NGY5M2M1NTQyMmEwNjVlMjc3YWU5Yzk5MmUyYTcxZmQ0Nzg4OGFkMzAxNjFlNzY2MTdj,,,,300310086
300310163,Bag Dakine Point Pack bomber,The point pack by Dakine comes with a seam sealed wetsuit pocket so you always have a place for wet or dirty gear. <br><br>,50.96,Dakine|backpack,/medias/?context=bWFzdGVyfGltYWdlc3wyODA2fGltYWdlL2pwZWd8YVcxaFoyVnpMMmcxWWk5b01tSXZPRGM1TmpZMk1UTXhOelkyTWk1cWNHY3w3NDhhOTEzMDQxZDU5OWE2YzBlOTUzMDQ0OTIxOGEzMjM2ZGYwZjI2NjdlM2FlMDA2Mzg3MjgxZjhhNDcxODAz,,,,300310163
300310180,Bag Dakine Sunglass Case black patches,Soft lined sunglass case.;Features:<br><br>+ Zippered closure<br>+ Faux fur lined interior<br>+ Measures (in cm): 175 x 9 x 7 inside: 155 x 8 x 6<br>+ Material: fleece lined;600D Polyester,26.68,Dakine|others,/medias/?context=bWFzdGVyfGltYWdlc3wyMTE1fGltYWdlL2pwZWd8YVcxaFoyVnpMMmd3T0M5b1ptVXZPRGM1TmpZMk1UTTRNekU1T0M1cWNHY3w2ZjIzYjg5ZGU3MjQ2ZDIxMjdhNWY4MDg4OTllZTgxZmYxYjM2MjNmMzY2NjA4MGNhMTAzOGI3NDM4YzJkMGFl,,,,300310180
300396667,Camper Beanie black Uni,,16.16,220500|Nixon,/medias/?context=bWFzdGVyfGltYWdlc3w0MTk5fGltYWdlL2pwZWd8YVcxaFoyVnpMMmcxWWk5b1pqRXZPRGM1TmpjME5EWXhNemt4T0M1cWNHY3xmZTJlMjU5NWIzMDc4YjQ1NzdjZGEyYTYxZjMwZmU0OTA4MjQwODNkY2RhYWI4MDU3ZGNhMjgzZDhhMzc0ZTg3,,,,94172
300438151,Luna Twill Pant Women purple XS,,68.81,200300|snow|Roxy,/medias/?context=bWFzdGVyfGltYWdlc3wzOTE2fGltYWdlL2pwZWd8YVcxaFoyVnpMMmhtWXk5b09XUXZPRGM1TmpnMU5UWTVOelF6T0M1cWNHY3wxOTNmMmIyZTI0NzBmMGRhZDM3ZWVhZDNiYjQzMDNkOWI0YzRkODdkOGMyNDRhYjQ5OWQ5ZjhhMTkxYjQ1OTU4,,,,98929
74844_purple+pink+goldenrad,The Zona Women purple/pink/goldenrad,"<p> Stylish, fancy watch from Nixon!",137.66,370700|Nixon,/medias/?context=bWFzdGVyfGltYWdlc3w0Mzk3fGltYWdlL2pwZWd8YVcxaFoyVnpMMmhqWlM5b1lUTXZPRGM1TmpnMU56azVNVEU1T0M1cWNHY3w3ZTUxOTYyY2Y3MWRlMGE3MjJiYmViYTRkM2NlMDQ2YjUwMzhkODZiNzQ1YjcyNDNiNDFjZTg3Yzc1YzE0ZWE5,purple+pink+goldenrad,,,74844
300122650,The Iris Women purple Uni,,80.96,370700|Nixon,/medias/?context=bWFzdGVyfGltYWdlc3wzNjc0fGltYWdlL2pwZWd8YVcxaFoyVnpMMmd3WXk5b05XVXZPRGM1TmpnMU9ETXhPRGczT0M1cWNHY3xlOTYxYzhlYjM0ZDc4MmFlNjk5NjQ1N2NiZDRjYWRmNDdlODM0MDZlOTdhNjhkZTcwM2E2N2NiZjJjMWEwZTE2,,,,51411
300467248,Kyrpton Rampage 11/12 citron/blue 28.5,,242.96,110600|Dalbello,/medias/?context=bWFzdGVyfGltYWdlc3w1NTc2fGltYWdlL2pwZWd8YVcxaFoyVnpMMmcyTnk5b04ySXZPRGM1TmpnNU16QTFNamsxT0M1cWNHY3w1ODZmYTY0ZTE4YzI0NjUwYzA1MDc0OWJlYTI0YTgzMjg5NTgyOThlYTNiMTU1YTkwYjkxMWU1N2VlZGQ4NTUw,,,,104905
9810,All in One 120g clear Uni,,9.68,100100|Toko,/medias/?context=bWFzdGVyfGltYWdlc3wzNTEyfGltYWdlL2pwZWd8YVcxaFoyVnpMMmd3Wmk5b016Y3ZPRGM1TmpnNU5USTBPRFF4TkM1cWNHY3w5NTM4MzRmNDk2NzFmODM2NDdkNGJiODJjZDdlNzU3NmExYzE2ZTU1MjkxZTZlOTE5OWRjZjc2OGRmYmMwZjg0,,,,5191
300459466,Transplant Flexfit Cap white combo LXL,,24.26,220600|Volcom,/medias/?context=bWFzdGVyfGltYWdlc3w0NjE5fGltYWdlL2pwZWd8YVcxaFoyVnpMMmhpT1M5b056TXZPRGM1TmprMk56WXdNREUxT0M1cWNHY3wzY2Q4MjhjNzE1OTcyNjE2MmJmOGZmNjc5ZTc1MjU3MGZlZjQyN2QyY2NjOWI4ODA2YjBhZTdkODAzMDgyZTVl,,,,103151
300562200,SUP 9.0 Bonga Perkins uni 9.0,,485.96,350200|surf|Southpoint,/medias/?context=bWFzdGVyfGltYWdlc3wyMTk2fGltYWdlL2pwZWd8YVcxaFoyVnpMMmc0T0M5b1lXRXZPRGM1TmprM01ESXlNVFU1T0M1cWNHY3xmNDE3YzE5NjFiY2EzYjdmM2JjMjgzMjUyY2JmYjcxYWE0MDc3MDU0YTE0NWYzYjNmY2U0NGZjYTBmOTgwMGM0,,,,116623
300044596,Wax Toko S3 Hydro Carbon 120 g yellow,A soft easy to use hydrocarbon wax for damp and wet snow conditions across the indicated temperature range. For training uses and for the care of stressed and worn coatings.,42.44,Toko|skigear|100200|snow,/medias/?context=bWFzdGVyfGltYWdlc3wyNDY0fGltYWdlL2pwZWd8YVcxaFoyVnpMMmd3T1M5b016WXZPRGM1TmpZMU9EZzVNamd6TUM1cWNHY3w3NGM1ZTYyM2ZjMzgzNTM5YmQ5YjMwNDVkODE3MzcwZDEwNTJlZmVmOWVkY2VhMWY5MjllNWYwNTY5YjQ2NWNl,,,,300044596
300441142,Cap Blue Tomato BT Snow Trucker Cap black,<p>Show your love for snow and Blue Tomato! With the BT Snow Trucker Cap with Mesh on the back and print on the front.</p>,8.46,Blue Tomato|caps,/medias/?context=bWFzdGVyfGltYWdlc3wyMzg2fGltYWdlL2pwZWd8YVcxaFoyVnpMMmd4WkM5b05UVXZPRGM1TmpZMk16SXhPREl3Tmk1cWNHY3xhZGFiZGEwMzYwZjBiMmE1ZWIxMDA3MjY5MGQxYzk3YzU2M2RjM2RlMThkYWJiNmU4MjYxOTQ3MGZlNmE1NmQy,,,,300441142
29531,Snowboard Ski Tool Toko Side Edge Angle Pro 88 Grad,For fitting the files to the blade angle and to the Precision Base File Control.,21.21,Toko|skigear|100200|snow,/medias/?context=bWFzdGVyfGltYWdlc3wxMTAzfGltYWdlL2pwZWd8YVcxaFoyVnpMMmd6Tmk5b09UTXZPRGM1TmpZMU56azNOVE15Tmk1cWNHY3w1NTVmYzBjYjk0NDI4ZDA4NDZlNmRlZmViZGJmZWFiZmUwNjAxOGRlZGJkOGZlZDU4Yjc0ZThlODE4NDQ4MjQ5,,,,29531
300005449,Snowglasses adidas eyewear Yodai black matt orange mirror,,135.96,adidas eyewear|goggles,/medias/?context=bWFzdGVyfGltYWdlc3wzMDI1fGltYWdlL2pwZWd8YVcxaFoyVnpMMmhoTkM5b05EZ3ZPRGM1TmpZMU9ERTNNVGt6TkM1cWNHY3w0OTczMWQ1YWJkNmY1MDc4NmRkY2UxMjQ1ZTJhYzMwODdmNmE3NGU0OTFjMjIyNjU4OTIzYTZlZTdkNWMxYjk0,,,,300005449
300022356,Snowboard Ski Tool Toko Ergo Speed Top 88°/89°,Small handy tool for the preparing stages of the sidecute edges(88°;;/89°;).Rotatable file discs with a lock mechanism provide for a 100% usable file material.Ideal also for on the way.,29.71,Toko|skigear|100200|snow,/medias/?context=bWFzdGVyfGltYWdlc3wyNDg4fGltYWdlL2pwZWd8YVcxaFoyVnpMMmd6Tnk5b1lUUXZPRGM1TmpZMU9EWXpNRFk0Tmk1cWNHY3xlYmU3ZDIxMzUzMTI3Y2MxZmUxMmQ4YzNhMjMxMzYwYThlYzljZmNhYmU0ZTlkYTFiMTg3YjU4NTg0YzgyMjhm,,,,300022356
300040462,Shades Women Roxy Carla roxy black grey,Classic Vans Old Skool in a black colourway.,67.96,Roxy|sunglasses|210100,/medias/?context=bWFzdGVyfGltYWdlc3wxNzkwfGltYWdlL2pwZWd8YVcxaFoyVnpMMmd4TUM5b1kyRXZPRGM1TmpZMU9EYzJNVGMxT0M1cWNHY3xmNTY1YzcxNjFhMTZjMTRiZTUxNjJjYWE3NjNiOGUyNTZiZDJiZjI1MjFkZjhlYTg5ZDgwNGUzZWQ1NWY4MWE3,,,,300040462
300310300,Wallet Dakine Agent Leather Wallet brown,,33.96,Dakine|others,/medias/?context=bWFzdGVyfGltYWdlc3wxODY2fGltYWdlL2pwZWd8YVcxaFoyVnpMMmc1WkM5b1pETXZPRGM1TmpZMk1qTXdNRGN3TWk1cWNHY3wwNzk5ZGQxNDkyOTFmYTAxZGY4ZDExMGZiYzU2ZTY5YmZlODRjNDk5ZjZjZjNkOGUxMWI0OGFjZWE0NjdmNzc4,,,,300310300
300612775,Nava-Roll the World Beach Tote Women fog Uni,,16.16,160400|streetwear|Vans,/medias/?context=bWFzdGVyfGltYWdlc3wzNDY2fGltYWdlL2pwZWd8YVcxaFoyVnpMMmhsWkM5b1pUUXZPRGM1TmpreU1UY3lORGsxT0M1cWNHY3wxZDUxNDNjNDM4NjRjMzZkZjlmYzlkODgzMDE0ZWI0YTdkNDRjZDIyNTVlMzY4YzUzMjAyZWM3YzQxOTNlMjdj,,,,122233
300465914,BT Shopping Bag blue Uni,,1.58,160700|streetwear|Blue Tomato,/medias/?context=bWFzdGVyfGltYWdlc3wzODIyfGltYWdlL2pwZWd8YVcxaFoyVnpMMmhpTnk5b056QXZPRGM1TmpreU1qY3dOems1T0M1cWNHY3w2NzUzZTJjMWRlMTc0YTAzMGQ5YTA1NTQ4MWE5Mzk2OGJiY2NhMzE0YmE2MmQ5MGYwMDhhZjY3NTIxNmQ1NzI5,,,,104396
115118_brown,Vintage 88 black havana brown,"<p> The Nike Vintage 88 combines an old school look with up to date design. The multiple layers of colours and the authentic hinge construction, turn these glasses into the perfect accessory for individualists. </p>",72.86,210100|Nike,/medias/?context=bWFzdGVyfGltYWdlc3wzMTMwfGltYWdlL2pwZWd8YVcxaFoyVnpMMmcxWmk5b00yWXZPRGM1TmpreU5UazRORGM1T0M1cWNHY3wyMTA2OTNhOTcwOGVmZDBkYmU2OGZjOGRkNzAwNDFjYjM0MTlkODIwMmVjOTliMmMwNTkwZWUwZTkwZTFhMDRm,brown,,,115118
300691216,Secret Spot Belt Women true black Uni,,20.21,370900|Roxy,/medias/?context=bWFzdGVyfGltYWdlc3w0MDM5fGltYWdlL2pwZWd8YVcxaFoyVnpMMmczTnk5b05ERXZPRGM1TmpreU56azFNRGczT0M1cWNHY3w3YTliZDc3YTExMDg4Y2VmN2U4NDIxYWM2YmMxOGYxYjI1NWMzZDk3ZDQxNjM5MjlkMjc3YmZiMjcyZWNiZjY2,,,,118693
300515172,Lenus Belt kelly Uni,,20.21,251100|streetwear|Billabong,/medias/?context=bWFzdGVyfGltYWdlc3wzODQ5fGltYWdlL2pwZWd8YVcxaFoyVnpMMmd4WkM5b1pEZ3ZPRGM1Tmprek1UVTFOVE0xT0M1cWNHY3xhODMxNjhlNjI4MWNmNjI5MzQwZmUzNzgzMzBhYWMxOTkxNThiNTIzMGRhOWZhY2M2Njk3NTAzYzVjZDg1MjE4,,,,98851
300321070,Torbacula Belt white SM,,17.78,251100|streetwear|Von Zipper,/medias/?context=bWFzdGVyfGltYWdlc3w0NzE2fGltYWdlL2pwZWd8YVcxaFoyVnpMMmd4WkM5b1kyUXZPRGM1Tmprek1qZzJOakEzT0M1cWNHY3xiOGU5YTg5OTk0N2I5YzAwN2YwNjNhMjFkZGZmM2ZhYWViNzc2YTcyMTA2OTQ1NTJiMmUwMThjMWVkYzczZGU0,,,,74010
300438214,Mountain SS Basic Tee Logo youth trigo XL,,12.92,270100|kids|streetwear|Quiksilver,/medias/?context=bWFzdGVyfGltYWdlc3wzNzgxfGltYWdlL2pwZWd8YVcxaFoyVnpMMmd3TlM5b1kySXZPRGM1Tmprek5EZ3pNakUxT0M1cWNHY3wxN2FmNTEzYzhjYTQzMzFmNDMyYjgyZjQ1MjIwMTU3NDNhOGQxZDRjMzQxOGU3NDU2MjgwZmUzZDkzYzUwZjlh,,,,98951
300404090,Kompass Tee SS Women light green S,,20.21,260100|streetwear|Zimtstern,/medias/?context=bWFzdGVyfGltYWdlc3w0NjAyfGltYWdlL2pwZWd8YVcxaFoyVnpMMmd5WVM5b1pEWXZPRGM1TmprMU5qUTFPVEF6T0M1cWNHY3w3N2QwYjllYjc0YjU5ZWIwZGI4MjA4YjY3MDkzNmU3NTc1ZGZmZWYyNDBjODUwNTM2YWEyNzFkNmEwZGIwMDk0,,,,94791
